{"definition":{"indexed":true,"layout":{},"name":"Blog Page"},"id":"b88fa88c-8da0-ecf1-c586-7b8a94a22024","pageElements":[{"definition":{"fragmentStyle":{"backgroundColor":"#FDFBF7","paddingBottom":"5","paddingLeft":"5","paddingRight":"5","paddingTop":"5"},"indexed":true,"layout":{"paddingBottom":4,"paddingLeft":4,"paddingRight":4,"paddingTop":4},"name":"Banner"},"id":"f5fe9f1d-be78-8b26-ad79-9c1b0e3e91f0","pageElements":[{"definition":{"fragmentStyle":{"backgroundColor":"#FFFFFF","borderRadius":"10px","paddingBottom":"4","paddingLeft":"4","paddingRight":"4","paddingTop":"4"},"indexed":true,"layout":{"paddingBottom":2,"paddingLeft":2,"paddingRight":2,"paddingTop":2},"name":"Banner Content"},"id":"5cb93673-a4eb-f503-de9c-5fedad448639","pageElements":[{"definition":{"gutters":true,"indexed":true,"modulesPerRow":2,"numberOfColumns":2,"reverseOrder":false,"rowViewports":[{"id":"landscapeMobile","rowViewportDefinition":{"modulesPerRow":1}},{"id":"portraitMobile","rowViewportDefinition":{}},{"id":"tablet","rowViewportDefinition":{}}],"verticalAlignment":"middle"},"id":"ef8366d2-9328-c840-5752-7c09dbc206ab","pageElements":[{"definition":{"columnViewports":[{"columnViewportDefinition":{"size":12},"id":"landscapeMobile"},{"columnViewportDefinition":{},"id":"portraitMobile"},{"columnViewportDefinition":{},"id":"tablet"}],"size":6},"id":"17ccb6c6-2e82-a9c4-2d39-76a59f1713e2","pageElements":[{"definition":{"fragment":{"key":"BASIC_COMPONENT-paragraph"},"fragmentConfig":{},"fragmentFields":[{"id":"element-text","value":{"fragmentLink":{},"text":{"value_i18n":{"en_US":"INNOVATION"}}}}],"fragmentStyle":{"fontWeight":"fontWeightBolder","marginBottom":"3"},"indexed":true},"id":"a3076b8d-23f1-fb4b-e927-517df164afcc","type":"Fragment"},{"definition":{"fragment":{"key":"BASIC_COMPONENT-heading"},"fragmentConfig":{"headingLevel":"h1"},"fragmentFields":[{"id":"element-text","value":{"fragmentLink":{},"text":{"value_i18n":{"en_US":"Innovations in EyewearTechnology: Beyond Clear Vision"}}}}],"fragmentStyle":{"marginBottom":"3"},"indexed":true},"id":"fe9ddb7d-d757-31e7-0e7b-a1f8f3a463f9","type":"Fragment"},{"definition":{"fragment":{"key":"BASIC_COMPONENT-paragraph"},"fragmentConfig":{},"fragmentFields":[{"id":"element-text","value":{"fragmentLink":{},"text":{"value_i18n":{"en_US":"Take advantage of exclusive offers on the latest products to deliver exceptional value for your business and your customers."}}}}],"fragmentStyle":{"marginBottom":"3"},"indexed":true},"id":"972fab55-cc54-0371-fcd3-cf18f155c99b","type":"Fragment"},{"definition":{"fragment":{"key":"BASIC_COMPONENT-button"},"fragmentConfig":{"buttonType":"primary","type":"link","buttonSize":"nm"},"fragmentFields":[{"id":"link","value":{"fragmentLink":{},"text":{"value_i18n":{"en_US":"Read More"}}}}],"indexed":true},"id":"fda43f35-43fd-6c10-7f4c-be554a151630","type":"Fragment"}],"type":"Column"},{"definition":{"columnViewports":[{"columnViewportDefinition":{"size":12},"id":"landscapeMobile"},{"columnViewportDefinition":{},"id":"portraitMobile"},{"columnViewportDefinition":{},"id":"tablet"}],"size":6},"id":"b6682cd8-59af-2814-0e27-50c086319523","pageElements":[{"definition":{"fragmentStyle":{"borderColor":"0px center"},"indexed":true,"layout":{"borderColor":"0px center"},"name":"Image Container"},"id":"4f0fdf82-f701-c02b-f517-3134d05d2e69","pageElements":[{"definition":{"fragment":{"key":"BASIC_COMPONENT-image"},"fragmentConfig":{"imageSize":"w-100"},"fragmentFields":[{"id":"image-square","value":{"fragmentImage":{"description":{"value_i18n":{"en_US":""}},"url":{"value_i18n":{}}},"fragmentLink":{}}}],"fragmentStyle":{"borderColor":"#00000000","borderRadius":"10px","borderWidth":"1px","overflow":"hidden"},"indexed":true},"id":"9dd7edfc-9c88-ed13-675c-eee83811864a","type":"Fragment"}],"type":"Section"}],"type":"Column"}],"type":"Row"}],"type":"Section"}],"type":"Section"},{"definition":{"fragmentStyle":{"paddingBottom":"5","paddingLeft":"5","paddingRight":"5","paddingTop":"5"},"indexed":true,"layout":{"paddingBottom":4,"paddingLeft":4,"paddingRight":4,"paddingTop":4},"name":"Main Content"},"id":"4c5a6748-1f84-e90f-ca67-3e1b5b29ffce","pageElements":[{"definition":{"indexed":true,"layout":{"align":"Center","contentDisplay":"FlexRow","justify":"Center"},"name":"Search and Filter"},"id":"0e7a721b-7ad7-2235-4747-443d69a8a063","pageElements":[{"definition":{"fragment":{"key":"com.liferay.fragment.renderer.collection.filter.internal.CollectionFilterFragmentRenderer"},"fragmentConfig":{},"fragmentFields":[],"fragmentStyle":{"marginBottom":"4","maxWidth":"750px","minWidth":"600px"},"indexed":true},"id":"2cd69304-0574-37fa-cbc4-36c7bdbdc9fb","type":"Fragment"}],"type":"Section"},{"definition":{"indexed":true,"layout":{},"name":"Blog Articles"},"id":"9b8d5d31-76af-4970-2319-791c9ea630d5","pageElements":[{"definition":{"collectionViewports":[{"collectionViewportDefinition":{"numberOfColumns":1},"id":"landscapeMobile"},{"collectionViewportDefinition":{"numberOfColumns":1},"id":"portraitMobile"},{"collectionViewportDefinition":{"numberOfColumns":1},"id":"tablet"}],"displayAllItems":false,"displayAllPages":true,"layout":{"flexWrap":"Wrap","justify":"Center"},"listItemStyle":"","listStyle":"","numberOfColumns":3,"numberOfItems":5,"numberOfItemsPerPage":9,"numberOfPages":5,"paginationType":"Numeric","showAllItems":false,"templateKey":""},"id":"f17cc64e-505c-f813-e8ad-03485c3cd82b","pageElements":[{"definition":{"collectionItemConfig":{}},"id":"c8e38858-aed9-7b2b-a4c9-bfe53f97b878","pageElements":[{"definition":{"fragment":{"key":"card","siteKey":"Clarity Public Enterprise Website"},"fragmentConfig":{},"fragmentFields":[{"id":"card-image","value":{"fragmentImage":{"url":{"value_i18n":{}}},"fragmentLink":{}}},{"id":"summary","value":{"fragmentLink":{}}},{"id":"card-title","value":{"fragmentLink":{}}},{"id":"card-link","value":{"fragmentLink":{}}},{"id":"category","value":{"fragmentLink":{}}}],"indexed":true},"id":"77cdaf2d-15a6-69c7-96bc-96521b497f96","type":"Fragment"}],"type":"CollectionItem"}],"type":"Collection"}],"type":"Section"}],"type":"Section"},{"definition":{"fragmentStyle":{"paddingBottom":"5","paddingLeft":"5","paddingRight":"5","paddingTop":"5"},"indexed":true,"layout":{"paddingBottom":4,"paddingLeft":4,"paddingRight":4,"paddingTop":4},"name":"Subscribe"},"id":"46aecea6-a9ab-6892-5451-d3f350823c09","pageElements":[{"definition":{"fragmentStyle":{"backgroundColor":"#1D8C8C","borderRadius":"1.5rem","paddingBottom":"3","paddingTop":"3"},"indexed":true,"layout":{"paddingBottom":1,"paddingTop":1},"name":"Subscribe Content"},"id":"c2b2866a-4001-c424-5af2-c7e86d43211c","pageElements":[{"definition":{"gutters":true,"indexed":true,"modulesPerRow":2,"numberOfColumns":2,"reverseOrder":false,"rowViewports":[{"id":"landscapeMobile","rowViewportDefinition":{"modulesPerRow":1}},{"id":"portraitMobile","rowViewportDefinition":{}},{"id":"tablet","rowViewportDefinition":{}}],"verticalAlignment":"middle"},"id":"81e353c4-9d61-1e85-70e4-619eaaa73596","pageElements":[{"definition":{"columnViewports":[{"columnViewportDefinition":{"size":12},"id":"landscapeMobile"},{"columnViewportDefinition":{},"id":"portraitMobile"},{"columnViewportDefinition":{},"id":"tablet"}],"size":10},"id":"c8de9066-4c63-35f1-9744-1b98f710c4f5","pageElements":[{"definition":{"fragment":{"key":"BASIC_COMPONENT-paragraph"},"fragmentConfig":{},"fragmentFields":[{"id":"element-text","value":{"fragmentLink":{},"text":{"value_i18n":{"en_US":"Eyewear Enthusiast? Subscribe for the Latest Trends &amp; More!"}}}}],"fragmentStyle":{"fontSize":"1.125rem","fontWeight":"fontWeightBold","paddingBottom":"4","paddingLeft":"6","paddingRight":"4","paddingTop":"4","textColor":"customControlBackgroundColor"},"indexed":true},"id":"8d82ad4d-b344-6f32-9c79-b628e800dd01","type":"Fragment"}],"type":"Column"},{"definition":{"columnViewports":[{"columnViewportDefinition":{"size":12},"id":"landscapeMobile"},{"columnViewportDefinition":{},"id":"portraitMobile"},{"columnViewportDefinition":{},"id":"tablet"}],"size":2},"id":"bc3b54c6-6a70-6e6b-b299-f8358d2ff6be","pageElements":[{"definition":{"fragment":{"key":"dialect-dialect-button","siteKey":"Clarity Public Enterprise Website"},"fragmentConfig":{"uppercase":false,"iconName":"share","style":"primary","type":"solid","inverted":true,"buttonSize":""},"fragmentFields":[{"id":"link","value":{"fragmentLink":{},"text":{"value_i18n":{"en_US":"Subscribe"}}}}],"indexed":true},"id":"849ef137-fe03-c0cc-1835-029d6e5b33d3","type":"Fragment"}],"type":"Column"}],"type":"Row"}],"type":"Section"}],"type":"Section"}],"type":"Section"}