{
	"fieldSets": [
		{
			"fields": [
				{
					"dataType": "string",
					"defaultValue": "solid",
					"label": "type",
					"name": "type",
					"type": "select",
					"typeOptions": {
						"validValues": [
							{
								"label": "solid",
								"value": "solid"
							},
							{
								"label": "ghost",
								"value": "ghost"
							},
							{
								"label": "borderless",
								"value": "borderless"
							},
							{
								"label": "rounded",
								"value": "rounded"
							}
						]
					}
				},
				{
					"dataType": "string",
					"defaultValue": "primary",
					"label": "style",
					"name": "style",
					"type": "select",
					"typeOptions": {
						"validValues": [
							{
								"value": "primary"
							},
							{
								"value": "secondary"
							},
							{
								"value": "neutral"
							}
						]
					}
				},
				{
					"dataType": "string",
					"defaultValue": "",
					"label": "size",
					"name": "buttonSize",
					"type": "select",
					"typeOptions": {
						"validValues": [
							{
								"label": "small",
								"value": "btn-sm"
							},
							{
								"label": "medium",
								"value": ""
							},
							{
								"label": "large",
								"value": "btn-lg"
							}
						]
					}
				},
				{
					"dataType": "string",
					"defaultValue": false,
					"label": "inverted",
					"name": "inverted",
					"type": "checkbox"
				},
				{
					"dataType": "string",
					"defaultValue": false,
					"label": "uppercase",
					"name": "uppercase",
					"type": "checkbox"
				},
				{
					"dataType": "string",
					"defaultValue": "share",
					"label": "Icon Name",
					"name": "iconName",
					"type": "text"
				}
			]
		}
	]
}