{"definition":{"fragmentStyle":{"marginLeft":"9","marginRight":"9","maxWidth":"900px","minWidth":"400px"},"indexed":true,"layout":{"widthType":"Fixed"},"name":"Product Details Page"},"id":"c938c167-0e4c-a42f-73c7-909531ec85fb","pageElements":[{"definition":{"widgetInstance":{"widgetConfig":{"selectionStyle":"adt","displayStyle":"ddmTemplate_42575","simple--cpTypeRendererKey":"default","diagram--cpTypeRendererKey":"diagram","grouped--cpTypeRendererKey":"default","virtual--cpTypeRendererKey":"default","displayStyleGroupId":"37203"},"widgetName":"com_liferay_commerce_product_content_web_internal_portlet_CPContentPortlet"}},"id":"d1813efe-1564-80d7-d336-7acca75fd9a7","type":"Widget"}],"type":"Section"}