{
    "fieldSets": [
        {
            "fields": [
                {
                    "dataType": "string",
                    "defaultValue": "1",
                    "label": "Heading Level",
                    "name": "headingSize",
                    "type": "select",
                    "typeOptions": {
                        "validValues": [
                            {
                                "label": "H1",
                                "value": "1"
                            },
                            {
                                "label": "H2",
                                "value": "2"
                            },
                            {
                                "label": "H3",
                                "value": "3"
                            },
                            {
                                "label": "H4",
                                "value": "4"
                            },
                            {
                                "label": "H5",
                                "value": "5"
                            },
                            {
                                "label": "H6",
                                "value": "6"
                            }
                        ]
                    }
                }
            ]
        }
    ]
}