{"definition":{"indexed":true,"layout":{},"name":"Application - Step Two"},"id":"b5f59d4c-1beb-5c2d-020c-50aba3f8d1f6","pageElements":[{"definition":{"fragment":{"key":"banner-(copy)","siteKey":"Clarity Public Enterprise Website"},"fragmentConfig":{},"fragmentFields":[],"indexed":true},"id":"e611d6c1-d933-0d42-2d8a-f4ee52127394","pageElements":[{"definition":{},"id":"8e0ba342-87ef-f302-caa5-6d46c6faab59","pageElements":[{"definition":{"indexed":true,"layout":{},"name":"Background Overlay"},"id":"948cd329-8124-af57-b1c3-e64337ea239b","pageElements":[{"definition":{"fragmentStyle":{"paddingBottom":"5","paddingLeft":"5","paddingRight":"3","paddingTop":"5"},"indexed":true,"layout":{"paddingBottom":4,"paddingLeft":4,"paddingRight":1,"paddingTop":4},"name":"Header Content"},"id":"13f4dda1-d50c-d5e3-f4a4-c49629bd0aea","pageElements":[{"definition":{"fragment":{"key":"BASIC_COMPONENT-heading"},"fragmentConfig":{"headingLevel":"h1"},"fragmentFields":[{"id":"element-text","value":{"fragmentLink":{},"text":{"value_i18n":{"en_US":"International Distributor Application"}}}}],"fragmentStyle":{"marginTop":"6","textAlign":"center","textColor":"bodyBgColor"},"indexed":true},"id":"f7cae2d8-ce9d-7eb3-a7f7-4e6fc151a438","type":"Fragment"},{"definition":{"fragmentStyle":{"borderRadius":"15px","overflow":"hidden","paddingBottom":"8","paddingTop":"5"},"indexed":true,"layout":{"align":"Center","contentDisplay":"FlexRow","flexWrap":"Wrap","justify":"Center","paddingBottom":10,"paddingTop":4},"name":"Distributor Application"},"id":"60756242-a659-09a7-0755-62e77179ace0","pageElements":[{"definition":{"formConfig":{"formReference":{"className":"com.liferay.object.model.ObjectDefinition#46230","classType":0}},"fragmentStyle":{"backgroundColor":"#FFFFFF","borderRadius":"15px","paddingBottom":"6","paddingLeft":"6","paddingRight":"6","paddingTop":"4","width":"750px"},"indexed":true,"layout":{}},"id":"95749357-67f7-fc15-be74-b8d90f2d295f","pageElements":[{"definition":{"fragment":{"key":"multi-step-nav","siteKey":"Clarity Public Enterprise Website"},"fragmentConfig":{"stepFive":"","stepTwo":"active","stepOne":"complete","stepThree":"","stepFour":""},"fragmentFields":[],"fragmentStyle":{"marginBottom":"7","paddingTop":"6"},"indexed":true},"id":"86e64ec3-c063-e85e-f015-fbb2cd37885f","type":"Fragment"},{"definition":{"fragmentStyle":{"marginBottom":"5"},"gutters":true,"indexed":true,"modulesPerRow":2,"numberOfColumns":2,"reverseOrder":false,"rowViewports":[{"id":"landscapeMobile","rowViewportDefinition":{"modulesPerRow":1}},{"id":"portraitMobile","rowViewportDefinition":{}},{"id":"tablet","rowViewportDefinition":{}}],"verticalAlignment":"top"},"id":"833c18ad-3681-827d-5cd5-a56359552408","pageElements":[{"definition":{"columnViewports":[{"columnViewportDefinition":{"size":12},"id":"landscapeMobile"},{"columnViewportDefinition":{},"id":"portraitMobile"},{"columnViewportDefinition":{},"id":"tablet"}],"size":6},"id":"a8a012f6-fd6a-5aa9-ffeb-8137b96a0041","pageElements":[{"definition":{"fragment":{"key":"INPUTS-text-input"},"fragmentConfig":{"showCharactersCount":false,"placeholder":""},"fragmentFields":[],"indexed":true},"id":"8d70f0c2-4c24-2f2f-5b2e-2e412a9c0b6e","type":"Fragment"},{"definition":{"fragment":{"key":"INPUTS-text-input"},"fragmentConfig":{"showCharactersCount":false,"placeholder":""},"fragmentFields":[],"fragmentStyle":{"marginTop":"5"},"indexed":true},"id":"9ce320bd-e707-5bfb-03ea-fa6c6926ac41","type":"Fragment"},{"definition":{"fragment":{"key":"INPUTS-date-input"},"fragmentConfig":{},"fragmentFields":[],"fragmentStyle":{"marginTop":"5"},"indexed":true},"id":"d464f67c-a9b1-d7a7-05cb-9ead676021a3","type":"Fragment"}],"type":"Column"},{"definition":{"columnViewports":[{"columnViewportDefinition":{"size":12},"id":"landscapeMobile"},{"columnViewportDefinition":{},"id":"portraitMobile"},{"columnViewportDefinition":{},"id":"tablet"}],"size":6},"id":"c7a2805c-c700-d052-4b2f-3df473a170ef","pageElements":[{"definition":{"fragment":{"key":"INPUTS-select-from-list"},"fragmentConfig":{},"fragmentFields":[],"indexed":true},"id":"4ab39f89-0079-0cde-3798-95273c40b1ff","type":"Fragment"},{"definition":{"fragment":{"key":"INPUTS-text-input"},"fragmentConfig":{"showCharactersCount":false,"placeholder":""},"fragmentFields":[],"fragmentStyle":{"marginTop":"5"},"indexed":true},"id":"85bc5fec-fc0c-f375-9197-116218548785","type":"Fragment"},{"definition":{"fragment":{"key":"INPUTS-numeric-input"},"fragmentConfig":{"placeholder":""},"fragmentFields":[],"fragmentStyle":{"marginTop":"5"},"indexed":true},"id":"629d35d7-5134-0aa9-2c1d-73efa6108a47","type":"Fragment"}],"type":"Column"}],"type":"Row"},{"definition":{"fragment":{"key":"INPUTS-text-input"},"fragmentConfig":{"showCharactersCount":false,"placeholder":""},"fragmentFields":[],"indexed":true},"id":"cf6a0f1d-1452-be39-7548-0f4521edfa23","type":"Fragment"},{"definition":{"fragment":{"key":"INPUTS-multiselect-list"},"fragmentConfig":{"numberOfOptions":0,"showAllOptions":false},"fragmentFields":[],"fragmentStyle":{"marginTop":"5"},"indexed":true},"id":"578b4130-ba98-a13f-563a-9cb8dc8d2e1a","type":"Fragment"},{"definition":{"fragment":{"key":"INPUTS-textarea"},"fragmentConfig":{"showCharactersCount":false,"numberOfLines":0,"placeholder":""},"fragmentFields":[],"fragmentStyle":{"marginBottom":"5","marginTop":"5"},"indexed":true},"id":"ad2aff4a-49a2-8e18-05c9-f5a9bd93b45c","type":"Fragment"},{"definition":{"fragment":{"key":"INPUTS-submit-button"},"fragmentConfig":{"buttonType":"primary","submittedEntryStatus":"0","buttonSize":"nm"},"fragmentFields":[{"id":"submit-button-text","value":{"fragmentLink":{},"text":{"value_i18n":{"en_US":"Next Step &gt;"}}}}],"indexed":true},"id":"83f4b5e9-d24b-3572-fd32-6662e656135e","type":"Fragment"}],"type":"Form"}],"type":"Section"}],"type":"Section"}],"type":"Section"}],"type":"FragmentDropZone"}],"type":"Fragment"}],"type":"Section"}