{
  "com.liferay.client.extension.type.configuration.CETConfiguration~liferay-clarity-theme-css-2" : {
    ":configurator:policy" : "force",
    "baseURL" : "${portalURL}/o/liferay-clarity-theme-css",
    "buildTimestamp" : 1724874650110,
    "description" : "",
    "dxp.lxc.liferay.com.virtualInstanceId" : "default",
    "name" : "Liferay Clarity Theme CSS",
    "projectId" : "liferayclaritythemecss",
    "projectName" : "liferay-clarity-theme-css",
    "properties" : [ ],
    "sourceCodeURL" : "",
    "type" : "themeCSS",
    "typeSettings" : [ "clayURL=css/clay.css", "mainURL=css/main.css" ],
    "webContextPath" : "/liferay-clarity-theme-css"
  }
}