{
  "com.liferay.client.extension.type.configuration.CETConfiguration~liferay-clarity-theme-favicon" : {
    ":configurator:policy" : "force",
    "baseURL" : "${portalURL}/o/liferay-clarity-theme-favicon",
    "buildTimestamp" : 1719002197468,
    "description" : "",
    "dxp.lxc.liferay.com.virtualInstanceId" : "default",
    "name" : "Liferay Clarity Theme Favicon",
    "projectId" : "liferayclaritythemefavicon",
    "projectName" : "liferay-clarity-theme-favicon",
    "properties" : [ ],
    "sourceCodeURL" : "",
    "type" : "themeFavicon",
    "typeSettings" : [ "url=clarity-favicon-primary.svg" ],
    "webContextPath" : "/liferay-clarity-theme-favicon"
  },
  "com.liferay.client.extension.type.configuration.CETConfiguration~liferay-clarity-theme-favicon-dark" : {
    ":configurator:policy" : "force",
    "baseURL" : "${portalURL}/o/liferay-clarity-theme-favicon",
    "buildTimestamp" : 1719002197468,
    "description" : "",
    "dxp.lxc.liferay.com.virtualInstanceId" : "default",
    "name" : "Liferay Clarity Theme Favicon Dark",
    "projectId" : "liferayclaritythemefavicon",
    "projectName" : "liferay-clarity-theme-favicon",
    "properties" : [ ],
    "sourceCodeURL" : "",
    "type" : "themeFavicon",
    "typeSettings" : [ "url=clarity-favicon-dark.svg" ],
    "webContextPath" : "/liferay-clarity-theme-favicon"
  },
  "com.liferay.client.extension.type.configuration.CETConfiguration~liferay-clarity-theme-favicon-light" : {
    ":configurator:policy" : "force",
    "baseURL" : "${portalURL}/o/liferay-clarity-theme-favicon",
    "buildTimestamp" : 1719002197468,
    "description" : "",
    "dxp.lxc.liferay.com.virtualInstanceId" : "default",
    "name" : "Liferay Clarity Theme Favicon Light",
    "projectId" : "liferayclaritythemefavicon",
    "projectName" : "liferay-clarity-theme-favicon",
    "properties" : [ ],
    "sourceCodeURL" : "",
    "type" : "themeFavicon",
    "typeSettings" : [ "url=clarity-favicon-light.svg" ],
    "webContextPath" : "/liferay-clarity-theme-favicon"
  }
}