{
    "fieldSets": [
        {
            "fields": [
                {
                    "dataType": "string",
                    "defaultValue": "",
                    "label": "step-one",
                    "name": "stepOne",
                    "type": "select",
                    "typeOptions": {
                        "validValues": [
                            {
                                "label": "Incomplete",
                                "value": "incomplete"
                            },
                            {
                                "label": "In Progress",
                                "value": "active"
                            },
                            {
                                "label": "Complete",
                                "value": "complete"
                            }
                        ]
                    }
                },
                {
                    "dataType": "string",
                    "defaultValue": "",
                    "label": "step-two",
                    "name": "stepTwo",
                    "type": "select",
                    "typeOptions": {
                        "validValues": [
                            {
                                "label": "Incomplete",
                                "value": "incomplete"
                            },
                            {
                                "label": "In Progress",
                                "value": "active"
                            },
                            {
                                "label": "Complete",
                                "value": "complete"
                            }
                        ]
                    }
                },
                {
                    "dataType": "string",
                    "defaultValue": "",
                    "label": "step-three",
                    "name": "stepThree",
                    "type": "select",
                    "typeOptions": {
                        "validValues": [
                            {
                                "label": "Incomplete",
                                "value": "incomplete"
                            },
                            {
                                "label": "In Progress",
                                "value": "active"
                            },
                            {
                                "label": "Complete",
                                "value": "complete"
                            }
                        ]
                    }
                },
                {
                    "dataType": "string",
                    "defaultValue": "",
                    "label": "step-four",
                    "name": "stepFour",
                    "type": "select",
                    "typeOptions": {
                        "validValues": [
                            {
                                "label": "Incomplete",
                                "value": "incomplete"
                            },
                            {
                                "label": "In Progress",
                                "value": "active"
                            },
                            {
                                "label": "Complete",
                                "value": "complete"
                            }
                        ]
                    }
                },
                {
                    "dataType": "string",
                    "defaultValue": "",
                    "label": "setp-five",
                    "name": "stepFive",
                    "type": "select",
                    "typeOptions": {
                        "validValues": [
                            {
                                "label": "Incomplete",
                                "value": "incomplete"
                            },
                            {
                                "label": "In Progress",
                                "value": "active"
                            },
                            {
                                "label": "Complete",
                                "value": "complete"
                            }
                        ]
                    }
                }
            ]
        }
    ]
}