{"definition":{"indexed":true,"layout":{},"name":"Application - Step Four"},"id":"30f3aecf-2270-b1f7-55f5-6eaa4127e32d","pageElements":[{"definition":{"fragment":{"key":"banner-(copy)","siteKey":"Clarity Public Enterprise Website"},"fragmentConfig":{},"fragmentFields":[],"indexed":true},"id":"e611d6c1-d933-0d42-2d8a-f4ee52127394","pageElements":[{"definition":{},"id":"8e0ba342-87ef-f302-caa5-6d46c6faab59","pageElements":[{"definition":{"indexed":true,"layout":{},"name":"Background Overlay"},"id":"83f57261-9132-ea68-1a45-e10ff5e6e798","pageElements":[{"definition":{"fragmentStyle":{"paddingBottom":"5","paddingLeft":"5","paddingRight":"3","paddingTop":"5"},"indexed":true,"layout":{"paddingBottom":4,"paddingLeft":4,"paddingRight":1,"paddingTop":4},"name":"Header Content"},"id":"13f4dda1-d50c-d5e3-f4a4-c49629bd0aea","pageElements":[{"definition":{"fragment":{"key":"BASIC_COMPONENT-heading"},"fragmentConfig":{"headingLevel":"h1"},"fragmentFields":[{"id":"element-text","value":{"fragmentLink":{},"text":{"value_i18n":{"en_US":"International Distributor Application"}}}}],"fragmentStyle":{"marginBottom":"5","marginTop":"6","textAlign":"center","textColor":"bodyBgColor"},"indexed":true},"id":"f7cae2d8-ce9d-7eb3-a7f7-4e6fc151a438","type":"Fragment"},{"definition":{"fragmentStyle":{"borderRadius":"15px","overflow":"hidden","paddingBottom":"5","paddingTop":"5"},"indexed":true,"layout":{"align":"Center","contentDisplay":"FlexRow","flexWrap":"Wrap","justify":"Center","paddingBottom":4,"paddingTop":4},"name":"Distributor Application"},"id":"60756242-a659-09a7-0755-62e77179ace0","pageElements":[{"definition":{"formConfig":{"formReference":{"className":"com.liferay.object.model.ObjectDefinition#46230","classType":0}},"fragmentStyle":{"backgroundColor":"#FFFFFF","borderRadius":"15px","paddingBottom":"6","paddingLeft":"6","paddingRight":"6","paddingTop":"4","width":"750px"},"indexed":true,"layout":{}},"id":"95749357-67f7-fc15-be74-b8d90f2d295f","pageElements":[{"definition":{"fragment":{"key":"multi-step-nav","siteKey":"Clarity Public Enterprise Website"},"fragmentConfig":{"stepFive":"","stepTwo":"complete","stepOne":"complete","stepThree":"complete","stepFour":"active"},"fragmentFields":[],"fragmentStyle":{"marginBottom":"6","paddingTop":"6"},"indexed":true},"id":"86e64ec3-c063-e85e-f015-fbb2cd37885f","type":"Fragment"},{"definition":{"fragment":{"key":"BASIC_COMPONENT-heading"},"fragmentConfig":{"headingLevel":"h3"},"fragmentFields":[{"id":"element-text","value":{"fragmentLink":{},"text":{"value_i18n":{"en_US":"Business Contact"}}}}],"indexed":true},"id":"81ccbf03-139a-f94d-89fe-983d60838b9c","type":"Fragment"},{"definition":{"fragment":{"key":"INPUTS-text-input"},"fragmentConfig":{"showCharactersCount":false,"placeholder":""},"fragmentFields":[],"fragmentStyle":{"marginTop":"6"},"indexed":true},"id":"168f999c-01ca-0b58-512d-d9f85e256ca0","type":"Fragment"},{"definition":{"fragment":{"key":"INPUTS-text-input"},"fragmentConfig":{"showCharactersCount":false,"placeholder":""},"fragmentFields":[],"fragmentStyle":{"marginTop":"5"},"indexed":true},"id":"24287568-f719-5511-d395-dc91d914f631","type":"Fragment"},{"definition":{"fragmentStyle":{"marginBottom":"6","marginTop":"5"},"gutters":true,"indexed":true,"modulesPerRow":2,"numberOfColumns":2,"reverseOrder":false,"rowViewports":[{"id":"landscapeMobile","rowViewportDefinition":{"modulesPerRow":1}},{"id":"portraitMobile","rowViewportDefinition":{}},{"id":"tablet","rowViewportDefinition":{}}],"verticalAlignment":"top"},"id":"99eaf83e-080f-7ffb-9b89-714891ebaf9e","pageElements":[{"definition":{"columnViewports":[{"columnViewportDefinition":{"size":12},"id":"landscapeMobile"},{"columnViewportDefinition":{},"id":"portraitMobile"},{"columnViewportDefinition":{},"id":"tablet"}],"size":6},"id":"e4659c45-af44-6f72-80f1-ed80a349b91c","pageElements":[{"definition":{"fragment":{"key":"INPUTS-text-input"},"fragmentConfig":{"showCharactersCount":false,"placeholder":""},"fragmentFields":[],"indexed":true},"id":"4925080e-e382-f92e-5e14-594938bc2ff4","type":"Fragment"},{"definition":{"fragment":{"key":"INPUTS-text-input"},"fragmentConfig":{"showCharactersCount":false,"placeholder":""},"fragmentFields":[],"fragmentStyle":{"marginTop":"5"},"indexed":true},"id":"cbbba502-a056-de36-3459-48c8ec1bc26b","type":"Fragment"}],"type":"Column"},{"definition":{"columnViewports":[{"columnViewportDefinition":{"size":12},"id":"landscapeMobile"},{"columnViewportDefinition":{},"id":"portraitMobile"},{"columnViewportDefinition":{},"id":"tablet"}],"size":6},"id":"444758dd-59bd-1e0c-9668-bc483b3f5d2e","pageElements":[{"definition":{"fragment":{"key":"INPUTS-text-input"},"fragmentConfig":{"showCharactersCount":false,"placeholder":""},"fragmentFields":[],"indexed":true},"id":"d910f0e3-bd99-76d1-604d-f1090d28b391","type":"Fragment"},{"definition":{"fragment":{"key":"INPUTS-text-input"},"fragmentConfig":{"showCharactersCount":false,"placeholder":""},"fragmentFields":[],"fragmentStyle":{"marginTop":"5"},"indexed":true},"id":"f09e1f37-e742-9e53-f20a-829cb0c7b90b","type":"Fragment"}],"type":"Column"}],"type":"Row"},{"definition":{"fragment":{"key":"INPUTS-submit-button"},"fragmentConfig":{"buttonType":"primary","submittedEntryStatus":"0","buttonSize":"nm"},"fragmentFields":[{"id":"submit-button-text","value":{"fragmentLink":{},"text":{"value_i18n":{"en_US":"Next Step &gt;"}}}}],"indexed":true},"id":"83f4b5e9-d24b-3572-fd32-6662e656135e","type":"Fragment"}],"type":"Form"}],"type":"Section"}],"type":"Section"}],"type":"Section"}],"type":"FragmentDropZone"}],"type":"Fragment"}],"type":"Section"}