{
  "com.liferay.oauth2.provider.configuration.OAuth2ProviderApplicationUserAgentConfiguration~liferay-clarity-etc-spring-boot-oauth-application-user-agent" : {
    ".serviceAddress" : "localhost:58081",
    ".serviceScheme" : "http",
    ":configurator:policy" : "force",
    "baseURL" : "${portalURL}/o/liferay-clarity-etc-spring-boot",
    "buildTimestamp" : 1725014271477,
    "description" : "",
    "dxp.lxc.liferay.com.virtualInstanceId" : "default",
    "homePageURL" : "$[conf:.serviceScheme]://$[conf:.serviceAddress]",
    "name" : "Liferay Clarity Etc Spring Boot OAuth Application User Agent",
    "projectId" : "liferayclarityetcspringboot",
    "projectName" : "liferay-clarity-etc-spring-boot",
    "properties" : [ ],
    "scopes" : [ "Liferay.Headless.Admin.User.everything", "Liferay.Headless.Admin.Workflow.everything" ],
    "sourceCodeURL" : "",
    "type" : "oAuthApplicationUserAgent",
    "typeSettings" : [ ".serviceScheme=http", "scopes=Liferay.Headless.Admin.User.everything\nLiferay.Headless.Admin.Workflow.everything", ".serviceAddress=localhost:58081" ],
    "webContextPath" : "/liferay-clarity-etc-spring-boot"
  },
  "com.liferay.object.internal.configuration.FunctionObjectActionExecutorImplConfiguration~liferay-clarity-etc-spring-boot-object-action-account" : {
    ":configurator:policy" : "force",
    "baseURL" : "${portalURL}/o/liferay-clarity-etc-spring-boot",
    "buildTimestamp" : 1725014271477,
    "description" : "",
    "dxp.lxc.liferay.com.virtualInstanceId" : "default",
    "name" : "Liferay Clarity Etc Spring Boot Object Action Account",
    "oAuth2ApplicationExternalReferenceCode" : "liferay-clarity-etc-spring-boot-oauth-application-user-agent",
    "projectId" : "liferayclarityetcspringboot",
    "projectName" : "liferay-clarity-etc-spring-boot",
    "properties" : [ ],
    "resourcePath" : "/object/action/account",
    "sourceCodeURL" : "",
    "type" : "objectAction",
    "typeSettings" : [ "oAuth2ApplicationExternalReferenceCode=liferay-clarity-etc-spring-boot-oauth-application-user-agent", "resourcePath=/object/action/account" ],
    "webContextPath" : "/liferay-clarity-etc-spring-boot"
  },
  "com.liferay.portal.workflow.kaleo.runtime.internal.configuration.FunctionActionExecutorImplConfiguration~liferay-clarity-etc-spring-boot-workflow-action-application" : {
    ":configurator:policy" : "force",
    "baseURL" : "${portalURL}/o/liferay-clarity-etc-spring-boot",
    "buildTimestamp" : 1725014271477,
    "description" : "",
    "dxp.lxc.liferay.com.virtualInstanceId" : "default",
    "name" : "Liferay Clarity Etc Spring Boot Workflow Action Application",
    "oAuth2ApplicationExternalReferenceCode" : "liferay-clarity-etc-spring-boot-oauth-application-user-agent",
    "projectId" : "liferayclarityetcspringboot",
    "projectName" : "liferay-clarity-etc-spring-boot",
    "properties" : [ ],
    "resourcePath" : "/workflow/action/application",
    "sourceCodeURL" : "",
    "type" : "workflowAction",
    "typeSettings" : [ "oAuth2ApplicationExternalReferenceCode=liferay-clarity-etc-spring-boot-oauth-application-user-agent", "resourcePath=/workflow/action/application" ],
    "webContextPath" : "/liferay-clarity-etc-spring-boot"
  }
}