{"definition":{"indexed":true,"layout":{},"name":"FAQ Page"},"id":"4a7db8c0-00df-39fc-384b-75767fd82898","pageElements":[{"definition":{"fragmentStyle":{"paddingRight":"5"},"indexed":true,"layout":{"paddingRight":4},"name":"FAQ Content"},"id":"b7142fdc-289b-94de-01c7-6a8b9468a37a","pageElements":[{"definition":{"gutters":true,"indexed":true,"modulesPerRow":2,"numberOfColumns":2,"reverseOrder":false,"rowViewports":[{"id":"landscapeMobile","rowViewportDefinition":{"modulesPerRow":1}},{"id":"portraitMobile","rowViewportDefinition":{}},{"id":"tablet","rowViewportDefinition":{}}],"verticalAlignment":"top"},"id":"bed7cbfa-83e9-b793-1bb8-8f209b83555d","pageElements":[{"definition":{"columnViewports":[{"columnViewportDefinition":{"size":12},"id":"landscapeMobile"},{"columnViewportDefinition":{},"id":"portraitMobile"},{"columnViewportDefinition":{},"id":"tablet"}],"size":6},"id":"0b4267ae-3c2c-4ca6-a2d9-1803dbe72b07","pageElements":[{"definition":{"fragment":{"key":"BASIC_COMPONENT-image"},"fragmentConfig":{"imageSize":"w-100"},"fragmentFields":[{"id":"image-square","value":{"fragmentImage":{"description":{"value_i18n":{"en_US":""}},"url":{"value_i18n":{}}},"fragmentLink":{}}}],"indexed":true},"id":"6219a7cf-9538-4ed1-4409-467ab4c95089","type":"Fragment"}],"type":"Column"},{"definition":{"columnViewports":[{"columnViewportDefinition":{"size":12},"id":"landscapeMobile"},{"columnViewportDefinition":{},"id":"portraitMobile"},{"columnViewportDefinition":{},"id":"tablet"}],"size":6},"id":"2aff1398-95c8-33f4-88b5-a67d010e4688","pageElements":[{"definition":{"fragment":{"key":"heading-1","siteKey":"Clarity Public Enterprise Website"},"fragmentConfig":{"headingSize":"1"},"fragmentFields":[{"id":"page-title-fragment-right","value":{"fragmentLink":{},"text":{"value_i18n":{"en_US":"FAQs"}}}},{"id":"page-title-fragment-left","value":{"fragmentLink":{},"text":{"value_i18n":{"en_US":"General FAQs&nbsp;"}}}}],"fragmentStyle":{"marginTop":"3"},"indexed":true,"name":"Page Title"},"id":"994fbb61-8981-67de-dd34-b212a97c2014","type":"Fragment"},{"definition":{"fragmentStyle":{"marginTop":"5"},"indexed":true,"layout":{"marginTop":4},"name":"FAQ Section"},"id":"27f95a22-8e3e-ad28-dfd5-c6899f3ef6b6","pageElements":[{"definition":{"fragment":{"key":"section-heading","siteKey":"Clarity Public Enterprise Website"},"fragmentConfig":{},"fragmentFields":[{"id":"section-heading-fragment","value":{"fragmentLink":{},"text":{"value_i18n":{"en_US":"Retail Partners"}}}}],"indexed":true},"id":"11ebf2f4-2647-4c52-4c0f-dc80de460890","type":"Fragment"},{"definition":{"collectionConfig":{"collectionReference":{"className":"com.liferay.journal.model.JournalArticle","classPK":38447},"collectionType":"Collection"},"collectionViewports":[{"collectionViewportDefinition":{"numberOfColumns":1},"id":"landscapeMobile"},{"collectionViewportDefinition":{"numberOfColumns":1},"id":"portraitMobile"},{"collectionViewportDefinition":{"numberOfColumns":1},"id":"tablet"}],"displayAllItems":false,"displayAllPages":false,"emptyCollectionConfig":{"displayMessage":false},"listItemStyle":"","listStyle":"","numberOfColumns":1,"numberOfItems":5,"numberOfItemsPerPage":20,"numberOfPages":5,"paginationType":"None","showAllItems":false,"templateKey":""},"id":"eed54456-ebf6-322b-7070-0f4f9e9cc878","pageElements":[{"definition":{"collectionItemConfig":{}},"id":"81d15d4e-ad18-155a-5caa-85f9a9a3fd0e","pageElements":[{"definition":{"fragment":{"key":"faq-fragment","siteKey":"Clarity Public Enterprise Website"},"fragmentConfig":{},"fragmentFields":[{"id":"answer-text","value":{"fragmentLink":{}}},{"id":"main-text","value":{"fragmentLink":{}}}],"indexed":true},"id":"9b80dbfb-3320-4be3-a54d-15214eea8e56","type":"Fragment"}],"type":"CollectionItem"}],"type":"Collection"}],"type":"Section"},{"definition":{"fragmentStyle":{"marginTop":"4"},"indexed":true,"layout":{"marginTop":2},"name":"FAQ Section"},"id":"eaa6bea2-ac02-2500-41f6-e7d7e3ea4e17","pageElements":[{"definition":{"fragment":{"key":"section-heading","siteKey":"Clarity Public Enterprise Website"},"fragmentConfig":{},"fragmentFields":[{"id":"section-heading-fragment","value":{"fragmentLink":{},"text":{"value_i18n":{"en_US":"Products &amp; services"}}}}],"indexed":true},"id":"00db254b-77ea-0cb5-4a60-8024d7fa2b4f","type":"Fragment"},{"definition":{"collectionConfig":{"collectionReference":{"className":"com.liferay.journal.model.JournalArticle","classPK":38449},"collectionType":"Collection"},"collectionViewports":[{"collectionViewportDefinition":{"numberOfColumns":1},"id":"landscapeMobile"},{"collectionViewportDefinition":{"numberOfColumns":1},"id":"portraitMobile"},{"collectionViewportDefinition":{"numberOfColumns":1},"id":"tablet"}],"displayAllItems":false,"displayAllPages":false,"emptyCollectionConfig":{"displayMessage":false},"listItemStyle":"","listStyle":"","numberOfColumns":1,"numberOfItems":3,"numberOfItemsPerPage":20,"numberOfPages":5,"paginationType":"None","showAllItems":false,"templateKey":""},"id":"6afc1549-5336-d47d-5129-470bf2541d9a","pageElements":[{"definition":{"collectionItemConfig":{}},"id":"f2414575-2a6d-3fad-5e8a-beac882acfd6","pageElements":[{"definition":{"fragment":{"key":"faq-fragment","siteKey":"Clarity Public Enterprise Website"},"fragmentConfig":{},"fragmentFields":[{"id":"answer-text","value":{"fragmentLink":{}}},{"id":"main-text","value":{"fragmentLink":{}}}],"indexed":true},"id":"98ee17de-b2ef-bb92-255c-cb510e9b0690","type":"Fragment"}],"type":"CollectionItem"}],"type":"Collection"}],"type":"Section"},{"definition":{"fragmentStyle":{"marginTop":"4"},"indexed":true,"layout":{"marginTop":2},"name":"FAQ Section"},"id":"9a2a5db1-8e0a-b2b6-fc87-07f017b9eeb3","pageElements":[{"definition":{"fragment":{"key":"section-heading","siteKey":"Clarity Public Enterprise Website"},"fragmentConfig":{},"fragmentFields":[{"id":"section-heading-fragment","value":{"fragmentLink":{},"text":{"value_i18n":{"en_US":"Pricing &amp; Ordering"}}}}],"indexed":true},"id":"e9e834b5-fd49-01c0-a3d7-bbc941aa89bf","type":"Fragment"},{"definition":{"collectionConfig":{"collectionReference":{"className":"com.liferay.journal.model.JournalArticle","classPK":38443},"collectionType":"Collection"},"collectionViewports":[{"collectionViewportDefinition":{"numberOfColumns":1},"id":"landscapeMobile"},{"collectionViewportDefinition":{"numberOfColumns":1},"id":"portraitMobile"},{"collectionViewportDefinition":{"numberOfColumns":1},"id":"tablet"}],"displayAllItems":false,"displayAllPages":false,"emptyCollectionConfig":{"displayMessage":false},"listItemStyle":"","listStyle":"","numberOfColumns":1,"numberOfItems":2,"numberOfItemsPerPage":20,"numberOfPages":5,"paginationType":"None","showAllItems":false,"templateKey":""},"id":"2980024e-3162-8f02-d803-e7ac02f21596","pageElements":[{"definition":{"collectionItemConfig":{}},"id":"fa114b79-bbf9-1a12-18f5-cdd1b2a34a78","pageElements":[{"definition":{"fragment":{"key":"faq-fragment","siteKey":"Clarity Public Enterprise Website"},"fragmentConfig":{},"fragmentFields":[{"id":"answer-text","value":{"fragmentLink":{}}},{"id":"main-text","value":{"fragmentLink":{}}}],"indexed":true},"id":"ec996ec6-6b48-ea3b-e249-b5ceefae07ed","type":"Fragment"}],"type":"CollectionItem"}],"type":"Collection"}],"type":"Section"},{"definition":{"fragmentStyle":{"marginTop":"4"},"indexed":true,"layout":{"marginTop":2},"name":"FAQ Section"},"id":"3aab3ec3-cf4c-baea-bee4-c6b190264a34","pageElements":[{"definition":{"fragment":{"key":"section-heading","siteKey":"Clarity Public Enterprise Website"},"fragmentConfig":{},"fragmentFields":[{"id":"section-heading-fragment","value":{"fragmentLink":{},"text":{"value_i18n":{"en_US":"Return and exchange"}}}}],"indexed":true},"id":"61a05d90-4f6f-5939-1dca-70c700430a1a","type":"Fragment"},{"definition":{"collectionConfig":{"collectionReference":{"className":"com.liferay.journal.model.JournalArticle","classPK":38445},"collectionType":"Collection"},"collectionViewports":[{"collectionViewportDefinition":{"numberOfColumns":1},"id":"landscapeMobile"},{"collectionViewportDefinition":{"numberOfColumns":1},"id":"portraitMobile"},{"collectionViewportDefinition":{"numberOfColumns":1},"id":"tablet"}],"displayAllItems":false,"displayAllPages":false,"emptyCollectionConfig":{"displayMessage":false},"listItemStyle":"","listStyle":"","numberOfColumns":1,"numberOfItems":3,"numberOfItemsPerPage":20,"numberOfPages":5,"paginationType":"None","showAllItems":false,"templateKey":""},"id":"bd2ea76e-07f6-1c8e-4910-61da1d5e2df3","pageElements":[{"definition":{"collectionItemConfig":{}},"id":"a1c47bf7-ddcb-d956-3308-aabb145131ac","pageElements":[{"definition":{"fragment":{"key":"faq-fragment","siteKey":"Clarity Public Enterprise Website"},"fragmentConfig":{},"fragmentFields":[{"id":"answer-text","value":{"fragmentLink":{}}},{"id":"main-text","value":{"fragmentLink":{}}}],"indexed":true},"id":"a7fdf35a-ec03-3855-6136-36c085fb000c","type":"Fragment"}],"type":"CollectionItem"}],"type":"Collection"}],"type":"Section"}],"type":"Column"}],"type":"Row"}],"type":"Section"},{"definition":{"fragmentStyle":{"paddingBottom":"5","paddingLeft":"5","paddingRight":"5","paddingTop":"5"},"indexed":true,"layout":{"paddingBottom":4,"paddingLeft":4,"paddingRight":4,"paddingTop":4},"name":"Promoted Articles"},"id":"abaa7bb9-93d8-554e-b518-6b9dbe72f4ca","pageElements":[{"definition":{"fragmentStyle":{"marginBottom":"4"},"indexed":true,"layout":{"marginBottom":2},"name":"Section Title"},"id":"9b3e861c-d4cb-bee3-79c9-3040d6844fec","pageElements":[{"definition":{"fragment":{"key":"BASIC_COMPONENT-heading"},"fragmentConfig":{"headingLevel":"h1"},"fragmentFields":[{"id":"element-text","value":{"fragmentLink":{},"text":{"value_i18n":{"en_US":"Helpful articles from out team!"}}}}],"fragmentStyle":{"textAlign":"center"},"indexed":true},"id":"c203127d-7e1c-b5f7-f37e-8788d8e97a77","type":"Fragment"}],"type":"Section"},{"definition":{"fragmentStyle":{"paddingBottom":"4","paddingTop":"3"},"indexed":true,"layout":{"paddingBottom":2,"paddingTop":1},"name":"Article Cards"},"id":"8a7b7eeb-f02c-3a2d-0476-f641ad55f1d4","pageElements":[{"definition":{"collectionViewports":[{"collectionViewportDefinition":{"numberOfColumns":1},"id":"landscapeMobile"},{"collectionViewportDefinition":{"numberOfColumns":1},"id":"portraitMobile"},{"collectionViewportDefinition":{"numberOfColumns":1},"id":"tablet"}],"displayAllItems":false,"displayAllPages":false,"emptyCollectionConfig":{"displayMessage":false},"listItemStyle":"","listStyle":"","numberOfColumns":3,"numberOfItems":3,"numberOfItemsPerPage":3,"numberOfPages":5,"paginationType":"Numeric","showAllItems":false,"templateKey":""},"id":"bbe3afb2-522c-c108-33e4-520c521fbe03","pageElements":[{"definition":{"collectionItemConfig":{}},"id":"78ee33d2-2972-e2ce-ce97-07de87bdf1af","pageElements":[{"definition":{"fragment":{"key":"card","siteKey":"Clarity Public Enterprise Website"},"fragmentConfig":{},"fragmentFields":[{"id":"card-image","value":{"fragmentImage":{"url":{"value_i18n":{}}},"fragmentLink":{}}},{"id":"summary","value":{"fragmentLink":{}}},{"id":"card-title","value":{"fragmentLink":{}}},{"id":"card-link","value":{"fragmentLink":{}}},{"id":"category","value":{"fragmentLink":{}}}],"indexed":true},"id":"4685e50b-1583-3fe8-0abe-45e07c66de81","type":"Fragment"}],"type":"CollectionItem"}],"type":"Collection"}],"type":"Section"}],"type":"Section"}],"type":"Section"}