{"definition":{"indexed":true,"layout":{},"name":"Application - Step Five"},"id":"1a84e77c-d10f-09ac-1cb8-44ee6d142720","pageElements":[{"definition":{"fragment":{"key":"banner-(copy)","siteKey":"Clarity Public Enterprise Website"},"fragmentConfig":{},"fragmentFields":[],"indexed":true},"id":"e611d6c1-d933-0d42-2d8a-f4ee52127394","pageElements":[{"definition":{},"id":"8e0ba342-87ef-f302-caa5-6d46c6faab59","pageElements":[{"definition":{"indexed":true,"layout":{},"name":"Background Overlay"},"id":"ab888e60-4cf6-bdde-fd73-9ffdb4aa2dd0","pageElements":[{"definition":{"fragmentStyle":{"paddingBottom":"5","paddingLeft":"5","paddingRight":"3","paddingTop":"5"},"indexed":true,"layout":{"paddingBottom":4,"paddingLeft":4,"paddingRight":1,"paddingTop":4},"name":"Header Content"},"id":"13f4dda1-d50c-d5e3-f4a4-c49629bd0aea","pageElements":[{"definition":{"fragment":{"key":"BASIC_COMPONENT-heading"},"fragmentConfig":{"headingLevel":"h1"},"fragmentFields":[{"id":"element-text","value":{"fragmentLink":{},"text":{"value_i18n":{"en_US":"International Distributor Application"}}}}],"fragmentStyle":{"marginBottom":"5","marginTop":"6","textAlign":"center","textColor":"bodyBgColor"},"indexed":true},"id":"f7cae2d8-ce9d-7eb3-a7f7-4e6fc151a438","type":"Fragment"},{"definition":{"fragmentStyle":{"borderRadius":"15px","overflow":"hidden","paddingBottom":"5","paddingTop":"5"},"indexed":true,"layout":{"align":"Center","contentDisplay":"FlexRow","flexWrap":"Wrap","justify":"Center","paddingBottom":4,"paddingTop":4},"name":"Distributor Application"},"id":"60756242-a659-09a7-0755-62e77179ace0","pageElements":[{"definition":{"formConfig":{"formReference":{"className":"com.liferay.object.model.ObjectDefinition#46230","classType":0}},"fragmentStyle":{"backgroundColor":"#FFFFFF","borderRadius":"15px","paddingBottom":"4","paddingLeft":"4","paddingRight":"4","paddingTop":"4","width":"750px"},"indexed":true,"layout":{}},"id":"95749357-67f7-fc15-be74-b8d90f2d295f","pageElements":[{"definition":{"fragment":{"key":"multi-step-nav","siteKey":"Clarity Public Enterprise Website"},"fragmentConfig":{"stepFive":"active","stepTwo":"complete","stepOne":"complete","stepThree":"complete","stepFour":"complete"},"fragmentFields":[],"fragmentStyle":{"marginBottom":"7","paddingTop":"6"},"indexed":true},"id":"86e64ec3-c063-e85e-f015-fbb2cd37885f","type":"Fragment"},{"definition":{"fragment":{"key":"BASIC_COMPONENT-heading"},"fragmentConfig":{"headingLevel":"h3"},"fragmentFields":[{"id":"element-text","value":{"fragmentLink":{},"text":{"value_i18n":{"en_US":"Supplier Reference"}}}}],"indexed":true},"id":"a3b1623f-bfc0-2d03-e3db-d96f876f0573","type":"Fragment"},{"definition":{"fragmentStyle":{"marginTop":"6"},"gutters":true,"indexed":true,"modulesPerRow":2,"numberOfColumns":2,"reverseOrder":false,"rowViewports":[{"id":"landscapeMobile","rowViewportDefinition":{"modulesPerRow":1}},{"id":"portraitMobile","rowViewportDefinition":{}},{"id":"tablet","rowViewportDefinition":{}}],"verticalAlignment":"top"},"id":"2b3fb8ef-0d5a-5b4c-1fb4-892ab065f9c9","pageElements":[{"definition":{"columnViewports":[{"columnViewportDefinition":{"size":12},"id":"landscapeMobile"},{"columnViewportDefinition":{},"id":"portraitMobile"},{"columnViewportDefinition":{},"id":"tablet"}],"size":6},"id":"523abd1f-8855-7437-d2e8-acb90cf43461","pageElements":[{"definition":{"fragment":{"key":"INPUTS-text-input"},"fragmentConfig":{"showCharactersCount":false,"placeholder":""},"fragmentFields":[],"indexed":true},"id":"5a594725-9cd7-81e0-6cda-13d9082650e7","type":"Fragment"}],"type":"Column"},{"definition":{"columnViewports":[{"columnViewportDefinition":{"size":12},"id":"landscapeMobile"},{"columnViewportDefinition":{},"id":"portraitMobile"},{"columnViewportDefinition":{},"id":"tablet"}],"size":6},"id":"9a554e5b-60ec-c578-6ae9-84c3f9262e03","pageElements":[{"definition":{"fragment":{"key":"INPUTS-text-input"},"fragmentConfig":{"showCharactersCount":false,"placeholder":""},"fragmentFields":[],"indexed":true},"id":"ad4df821-04de-e1f7-7a00-e5b353fb8816","type":"Fragment"}],"type":"Column"}],"type":"Row"},{"definition":{"fragment":{"key":"INPUTS-text-input"},"fragmentConfig":{"showCharactersCount":false,"placeholder":""},"fragmentFields":[],"fragmentStyle":{"marginTop":"5"},"indexed":true},"id":"0b8b3098-8290-ad28-00d3-ee8a8b08237a","type":"Fragment"},{"definition":{"fragment":{"key":"INPUTS-text-input"},"fragmentConfig":{"showCharactersCount":false,"placeholder":""},"fragmentFields":[],"fragmentStyle":{"marginTop":"5"},"indexed":true},"id":"8b80959e-d427-7f5b-2c4a-de00aad4a1cb","type":"Fragment"},{"definition":{"fragmentStyle":{"marginBottom":"6","marginTop":"5"},"gutters":true,"indexed":true,"modulesPerRow":2,"numberOfColumns":2,"reverseOrder":false,"rowViewports":[{"id":"landscapeMobile","rowViewportDefinition":{"modulesPerRow":1}},{"id":"portraitMobile","rowViewportDefinition":{}},{"id":"tablet","rowViewportDefinition":{}}],"verticalAlignment":"top"},"id":"94ca9873-b5aa-0bf7-6b1a-5dce0614c854","pageElements":[{"definition":{"columnViewports":[{"columnViewportDefinition":{"size":12},"id":"landscapeMobile"},{"columnViewportDefinition":{},"id":"portraitMobile"},{"columnViewportDefinition":{},"id":"tablet"}],"size":6},"id":"818042e8-dc91-a09e-132d-8ac61348d6ac","pageElements":[{"definition":{"fragment":{"key":"INPUTS-text-input"},"fragmentConfig":{"showCharactersCount":false,"placeholder":""},"fragmentFields":[],"indexed":true},"id":"05043cad-8fdd-a103-0a6e-c35b5635ae91","type":"Fragment"},{"definition":{"fragment":{"key":"INPUTS-text-input"},"fragmentConfig":{"showCharactersCount":false,"placeholder":""},"fragmentFields":[],"fragmentStyle":{"marginTop":"5"},"indexed":true},"id":"7fcae581-51a8-4e68-9262-ff95f2adc37d","type":"Fragment"}],"type":"Column"},{"definition":{"columnViewports":[{"columnViewportDefinition":{"size":12},"id":"landscapeMobile"},{"columnViewportDefinition":{},"id":"portraitMobile"},{"columnViewportDefinition":{},"id":"tablet"}],"size":6},"id":"1befad57-6d95-4a72-77bd-899b93786201","pageElements":[{"definition":{"fragment":{"key":"INPUTS-text-input"},"fragmentConfig":{"showCharactersCount":false,"placeholder":""},"fragmentFields":[],"indexed":true},"id":"93d93cfc-0d91-3344-5e1f-d28b53df5474","type":"Fragment"},{"definition":{"fragment":{"key":"INPUTS-text-input"},"fragmentConfig":{"showCharactersCount":false,"placeholder":""},"fragmentFields":[],"fragmentStyle":{"marginTop":"5"},"indexed":true},"id":"f6db40a5-7828-251a-8e0a-aec7a997a80c","type":"Fragment"}],"type":"Column"}],"type":"Row"},{"definition":{"fragment":{"key":"INPUTS-submit-button"},"fragmentConfig":{"buttonType":"primary","submittedEntryStatus":"approved","buttonSize":"nm"},"fragmentFields":[{"id":"submit-button-text","value":{"fragmentLink":{},"text":{"value_i18n":{"en_US":"Submit"}}}}],"indexed":true},"id":"83f4b5e9-d24b-3572-fd32-6662e656135e","type":"Fragment"}],"type":"Form"}],"type":"Section"}],"type":"Section"}],"type":"Section"}],"type":"FragmentDropZone"}],"type":"Fragment"}],"type":"Section"}