{"definition":{"indexed":true,"layout":{},"name":"Home Page"},"id":"ad94e82c-5083-39e2-6309-26ebe2be0174","pageElements":[{"definition":{"fragmentStyle":{"backgroundColor":"#FDFBF7","paddingBottom":"7","paddingLeft":"7","paddingRight":"7","paddingTop":"7"},"indexed":true,"layout":{"paddingBottom":8,"paddingLeft":8,"paddingRight":8,"paddingTop":8},"name":"Banner"},"id":"db26e23b-19b7-7052-40be-f33ada1da003","pageElements":[{"definition":{"indexed":true,"layout":{},"name":"Banner Content"},"id":"d32d7bcd-6a35-5730-57b1-417c3bcd3f41","pageElements":[{"definition":{"gutters":true,"indexed":true,"modulesPerRow":2,"numberOfColumns":2,"reverseOrder":false,"rowViewports":[{"id":"landscapeMobile","rowViewportDefinition":{"modulesPerRow":1}},{"id":"portraitMobile","rowViewportDefinition":{}},{"id":"tablet","rowViewportDefinition":{}}],"verticalAlignment":"middle"},"id":"4cdf668c-cdae-7e6e-3f72-9ea4ebfe6d1d","pageElements":[{"definition":{"columnViewports":[{"columnViewportDefinition":{"size":12},"id":"landscapeMobile"},{"columnViewportDefinition":{},"id":"portraitMobile"},{"columnViewportDefinition":{},"id":"tablet"}],"size":6},"id":"2b698ef1-8fa5-1aa5-f42a-1d60b7192f5c","pageElements":[{"definition":{"cssClasses":["btn-inverted"],"indexed":true,"layout":{"align":"Start","contentDisplay":"FlexColumn","flexWrap":"Wrap","justify":"Center"},"name":"Banner Text"},"id":"48dda70a-20e4-b863-8e1b-b3ea8f8c6678","pageElements":[{"definition":{"fragment":{"key":"BASIC_COMPONENT-heading"},"fragmentConfig":{"headingLevel":"h1"},"fragmentFields":[{"id":"element-text","value":{"fragmentLink":{},"text":{"value_i18n":{"en_US":"Elevate Your Brand with Premium Eyewear"}}}}],"indexed":true},"id":"0d0882da-b061-11f7-3ba0-4cc15bceb484","type":"Fragment"},{"definition":{"fragment":{"key":"BASIC_COMPONENT-paragraph"},"fragmentConfig":{},"fragmentFields":[{"id":"element-text","value":{"fragmentLink":{},"text":{"value_i18n":{"en_US":"Discover premium craftsmanship, innovative lenses, and designs that help your brand stand out."}}}}],"fragmentStyle":{"fontSize":"1.0rem","marginBottom":"4","marginTop":"4"},"indexed":true},"id":"ef1d7df8-ae2c-25da-ff4f-ddb90b065582","type":"Fragment"},{"definition":{"fragment":{"key":"BASIC_COMPONENT-button"},"fragmentConfig":{"buttonType":"primary","type":"link","buttonSize":"nm"},"fragmentFields":[{"id":"link","value":{"fragmentLink":{},"text":{"value_i18n":{"en_US":"Start Your Journey"}}}}],"indexed":true},"id":"323b8fd3-ebfb-fc62-ea93-1dab4eeb1fbd","type":"Fragment"}],"type":"Section"}],"type":"Column"},{"definition":{"columnViewports":[{"columnViewportDefinition":{"size":12},"id":"landscapeMobile"},{"columnViewportDefinition":{},"id":"portraitMobile"},{"columnViewportDefinition":{},"id":"tablet"}],"size":6},"id":"1a25279d-dd30-5f15-38d6-890894c3b2d4","pageElements":[{"definition":{"fragment":{"key":"BASIC_COMPONENT-image"},"fragmentConfig":{"imageSize":"w-100"},"fragmentFields":[{"id":"image-square","value":{"fragmentImage":{"description":{"value_i18n":{"en_US":""}},"url":{"value_i18n":{}}},"fragmentLink":{}}}],"indexed":true},"id":"3e487633-cab1-fc47-68ff-f8d7aad6532f","type":"Fragment"}],"type":"Column"}],"type":"Row"}],"type":"Section"}],"type":"Section"},{"definition":{"fragmentStyle":{"paddingBottom":"8","paddingLeft":"7","paddingRight":"7","paddingTop":"8"},"indexed":true,"layout":{"paddingBottom":10,"paddingLeft":8,"paddingRight":8,"paddingTop":10},"name":"Clarity Solutions Promo"},"id":"cae40400-8a22-2ce1-b809-d6be3145776c","pageElements":[{"definition":{"fragment":{"key":"banner-(copy)","siteKey":"Clarity Public Enterprise Website"},"fragmentConfig":{},"fragmentFields":[],"fragmentStyle":{"borderRadius":"25px","overflow":"hidden"},"indexed":true},"id":"aa24058a-a2de-c60d-ddd9-7e4dd414fe2e","pageElements":[{"definition":{},"id":"b5cd38b2-26e4-e288-06c1-9a2af183f314","pageElements":[{"definition":{"fragmentStyle":{"paddingBottom":"4","paddingLeft":"4","paddingRight":"4","paddingTop":"4"},"indexed":true,"layout":{"paddingBottom":2,"paddingLeft":2,"paddingRight":2,"paddingTop":2},"name":"Content Wrapper"},"id":"89d5f2ab-28a1-46fe-e19c-ff66f6f53757","pageElements":[{"definition":{"gutters":true,"indexed":true,"modulesPerRow":2,"numberOfColumns":2,"reverseOrder":false,"rowViewports":[{"id":"landscapeMobile","rowViewportDefinition":{"modulesPerRow":1}},{"id":"portraitMobile","rowViewportDefinition":{}},{"id":"tablet","rowViewportDefinition":{}}],"verticalAlignment":"middle"},"id":"8d03881f-5f27-1449-c168-416b791de636","pageElements":[{"definition":{"columnViewports":[{"columnViewportDefinition":{"size":12},"id":"landscapeMobile"},{"columnViewportDefinition":{},"id":"portraitMobile"},{"columnViewportDefinition":{},"id":"tablet"}],"size":6},"id":"b548795f-67b7-55c7-6eb3-717b925b60d9","pageElements":[{"definition":{"fragmentStyle":{"maxWidth":"80%"},"indexed":true,"layout":{}},"id":"1485322e-3a4d-e20c-9e66-b47e07a8b456","pageElements":[{"definition":{"fragment":{"key":"BASIC_COMPONENT-heading"},"fragmentConfig":{"headingLevel":"h4"},"fragmentFields":[{"id":"element-text","value":{"fragmentLink":{},"text":{"value_i18n":{"en_US":"See Further with Clarity Vision Solutions"}}}}],"fragmentStyle":{"textColor":"colorNeutral0"},"indexed":true},"id":"38a94d63-0437-9594-118b-8951996252ff","type":"Fragment"},{"definition":{"fragment":{"key":"BASIC_COMPONENT-paragraph"},"fragmentConfig":{},"fragmentFields":[{"id":"element-text","value":{"fragmentLink":{}}}],"fragmentStyle":{"fontSize":"fontSizeBase","marginBottom":"4","marginTop":"4","textColor":"colorNeutral0"},"indexed":true},"id":"0c3354aa-a9d6-44aa-2896-08f0154cdbc7","type":"Fragment"}],"type":"Section"},{"definition":{"fragment":{"key":"dialect-dialect-button","siteKey":"Clarity Public Enterprise Website"},"fragmentConfig":{"uppercase":false,"iconName":"","style":"primary","type":"solid","inverted":true,"buttonSize":""},"fragmentFields":[{"id":"link","value":{"fragmentLink":{},"text":{"value_i18n":{"en_US":"Learn More"}}}}],"indexed":true},"id":"81dbf946-6576-93a8-d238-fad474e95132","type":"Fragment"}],"type":"Column"},{"definition":{"columnViewports":[{"columnViewportDefinition":{"size":12},"id":"landscapeMobile"},{"columnViewportDefinition":{},"id":"portraitMobile"},{"columnViewportDefinition":{},"id":"tablet"}],"size":6},"id":"6a4638d4-434d-608d-c8e1-905a216bc02f","pageElements":[{"definition":{"fragmentStyle":{"borderRadius":"20px","overflow":"hidden"},"indexed":true,"layout":{}},"id":"cd812430-c66f-4bb2-190f-40858ee9f847","pageElements":[{"definition":{"fragment":{"key":"BASIC_COMPONENT-image"},"fragmentConfig":{"imageSize":"w-100"},"fragmentFields":[{"id":"image-square","value":{"fragmentImage":{"description":{"value_i18n":{"en_US":""}},"url":{"value_i18n":{}}},"fragmentLink":{}}}],"indexed":true},"id":"4733ab3b-1922-0746-5496-10e2abf84f8e","type":"Fragment"}],"type":"Section"}],"type":"Column"}],"type":"Row"}],"type":"Section"}],"type":"FragmentDropZone"}],"type":"Fragment"}],"type":"Section"},{"definition":{"fragmentStyle":{"backgroundColor":"#FCFBF8","paddingBottom":"8","paddingLeft":"7","paddingRight":"7","paddingTop":"8"},"indexed":true,"layout":{"align":"Start","contentDisplay":"FlexColumn","paddingBottom":10,"paddingLeft":8,"paddingRight":8,"paddingTop":10},"name":"See the Difference"},"id":"6a2912e4-0132-4e90-98dd-67de0fdffe3b","pageElements":[{"definition":{"fragmentStyle":{"width":"100%"},"indexed":true,"layout":{},"name":"Content Container"},"id":"9e3059a2-a8a4-91ea-feca-5a15671d4c58","pageElements":[{"definition":{"fragment":{"key":"BASIC_COMPONENT-heading"},"fragmentConfig":{"headingLevel":"h2"},"fragmentFields":[{"id":"element-text","value":{"fragmentLink":{},"text":{"value_i18n":{"en_US":"See the difference!"}}}}],"fragmentStyle":{"textAlign":"center"},"indexed":true},"id":"55900c4b-880e-4724-ee41-d541cfc5435d","type":"Fragment"},{"definition":{"fragment":{"key":"BASIC_COMPONENT-paragraph"},"fragmentConfig":{},"fragmentFields":[{"id":"element-text","value":{"fragmentLink":{},"text":{"value_i18n":{"en_US":"Our goal is to be your trusted partner in eye care, offering unparalleled support and collaboration to acheieve your vision. Elevate your brand with premium eyeglass frames and lenses."}}}}],"fragmentStyle":{"fontSize":"fontSizeBase","marginBottom":"4","marginLeft":"auto","marginRight":"auto","marginTop":"4","maxWidth":"700px","textAlign":"center"},"indexed":true},"id":"1f834f62-8304-20d3-d9f3-c1cea2a61f58","type":"Fragment"},{"definition":{"gutters":true,"indexed":true,"modulesPerRow":4,"numberOfColumns":4,"reverseOrder":false,"rowViewports":[{"id":"landscapeMobile","rowViewportDefinition":{"modulesPerRow":1}},{"id":"portraitMobile","rowViewportDefinition":{}},{"id":"tablet","rowViewportDefinition":{}}],"verticalAlignment":"top"},"id":"e85ac1ea-2c8c-4ace-4c20-3c61081fa7b7","pageElements":[{"definition":{"columnViewports":[{"columnViewportDefinition":{"size":12},"id":"landscapeMobile"},{"columnViewportDefinition":{},"id":"portraitMobile"},{"columnViewportDefinition":{},"id":"tablet"}],"size":3},"id":"0992a507-484d-cc79-4e34-be4fb344b821","pageElements":[{"definition":{"indexed":true,"layout":{},"name":"Card Container"},"id":"3f7aab14-b2f8-d7f0-b6e3-336a1aeee51c","pageElements":[{"definition":{"fragment":{"key":"values-(copy)","siteKey":"Clarity Public Enterprise Website"},"fragmentConfig":{"bottomLeft":true,"bottomRight":true,"topLeft":true,"circleSize":"false","topRight":true},"fragmentFields":[{"id":"valueCardTitle","value":{"fragmentLink":{}}}],"indexed":true},"id":"dd5f323d-2797-bae4-255d-d790da3251b8","pageElements":[{"definition":{},"id":"2199eef6-f3a2-fad4-187d-544bf93dbf95","pageElements":[{"definition":{"fragment":{"key":"icon","siteKey":"Clarity Public Enterprise Website"},"fragmentConfig":{"iconName":"react","iconSize":"2.5rem"},"fragmentFields":[],"indexed":true},"id":"b2bc4b96-ebe4-6aa0-98b1-975f8a3ee800","type":"Fragment"},{"definition":{"fragment":{"key":"BASIC_COMPONENT-heading"},"fragmentConfig":{"headingLevel":"h5"},"fragmentFields":[{"id":"element-text","value":{"fragmentLink":{},"text":{"value_i18n":{"en_US":"Innovation"}}}}],"fragmentStyle":{"marginBottom":"3","marginTop":"1"},"indexed":true},"id":"ab2fcf65-3637-a78f-18d2-0a2308aac02f","type":"Fragment"}],"type":"FragmentDropZone"}],"type":"Fragment"}],"type":"Section"}],"type":"Column"},{"definition":{"columnViewports":[{"columnViewportDefinition":{"size":12},"id":"landscapeMobile"},{"columnViewportDefinition":{},"id":"portraitMobile"},{"columnViewportDefinition":{},"id":"tablet"}],"size":3},"id":"b69183c5-6f5a-465d-f9e7-cb62cfd6f24f","pageElements":[{"definition":{"indexed":true,"layout":{},"name":"Card Container"},"id":"9d4c36c7-961c-556b-4f6e-99860cc3c8ce","pageElements":[{"definition":{"fragment":{"key":"values-(copy)","siteKey":"Clarity Public Enterprise Website"},"fragmentConfig":{"bottomLeft":true,"bottomRight":true,"topLeft":true,"circleSize":"false","topRight":true},"fragmentFields":[{"id":"valueCardTitle","value":{"fragmentLink":{}}}],"indexed":true},"id":"e7b247ac-93a1-254c-bd95-d1be926c2c3b","pageElements":[{"definition":{},"id":"4c1b91b0-be97-816b-c8fe-c5df78ec3224","pageElements":[{"definition":{"fragment":{"key":"icon","siteKey":"Clarity Public Enterprise Website"},"fragmentConfig":{"iconName":"globe","iconSize":"2.5rem"},"fragmentFields":[],"indexed":true},"id":"a585282b-f222-4511-166e-ee98a824fd91","type":"Fragment"},{"definition":{"fragment":{"key":"BASIC_COMPONENT-heading"},"fragmentConfig":{"headingLevel":"h5"},"fragmentFields":[{"id":"element-text","value":{"fragmentLink":{},"text":{"value_i18n":{"en_US":"Sustainability"}}}}],"fragmentStyle":{"marginBottom":"3","marginTop":"1"},"indexed":true},"id":"43f57381-db40-bc45-d4a8-f28e3f3080d5","type":"Fragment"}],"type":"FragmentDropZone"}],"type":"Fragment"}],"type":"Section"}],"type":"Column"},{"definition":{"columnViewports":[{"columnViewportDefinition":{"size":12},"id":"landscapeMobile"},{"columnViewportDefinition":{},"id":"portraitMobile"},{"columnViewportDefinition":{},"id":"tablet"}],"size":3},"id":"a32d7891-7478-5615-b023-76f2472588dd","pageElements":[{"definition":{"indexed":true,"layout":{},"name":"Card Container"},"id":"e4896bec-28de-4dfa-ab25-3256c761a6a7","pageElements":[{"definition":{"fragment":{"key":"values-(copy)","siteKey":"Clarity Public Enterprise Website"},"fragmentConfig":{"bottomLeft":true,"bottomRight":true,"topLeft":true,"circleSize":"false","topRight":true},"fragmentFields":[{"id":"valueCardTitle","value":{"fragmentLink":{}}}],"indexed":true},"id":"c24b11e1-3b64-2d19-4dc6-5b3cd913f597","pageElements":[{"definition":{},"id":"13cd42d6-e991-566c-6269-aeb3e8fd5088","pageElements":[{"definition":{"fragment":{"key":"icon","siteKey":"Clarity Public Enterprise Website"},"fragmentConfig":{"iconName":"star","iconSize":"2.5rem"},"fragmentFields":[],"indexed":true},"id":"3da24ad0-5bcf-c197-304b-cd78031a7cda","type":"Fragment"},{"definition":{"fragment":{"key":"BASIC_COMPONENT-heading"},"fragmentConfig":{"headingLevel":"h5"},"fragmentFields":[{"id":"element-text","value":{"fragmentLink":{},"text":{"value_i18n":{"en_US":"Excellence"}}}}],"fragmentStyle":{"marginBottom":"3","marginTop":"1"},"indexed":true},"id":"2ae5487d-096a-064c-5ad9-ab0d02dc04cb","type":"Fragment"}],"type":"FragmentDropZone"}],"type":"Fragment"}],"type":"Section"}],"type":"Column"},{"definition":{"columnViewports":[{"columnViewportDefinition":{"size":12},"id":"landscapeMobile"},{"columnViewportDefinition":{},"id":"portraitMobile"},{"columnViewportDefinition":{},"id":"tablet"}],"size":3},"id":"1fc5e818-c6bd-59a0-1dc8-c419017a9e33","pageElements":[{"definition":{"indexed":true,"layout":{},"name":"Card Container"},"id":"80f6aca4-b349-0f90-8e5d-13e9facf078c","pageElements":[{"definition":{"fragment":{"key":"values-(copy)","siteKey":"Clarity Public Enterprise Website"},"fragmentConfig":{"bottomLeft":true,"bottomRight":true,"topLeft":true,"circleSize":"false","topRight":true},"fragmentFields":[{"id":"valueCardTitle","value":{"fragmentLink":{}}}],"indexed":true},"id":"667453d5-c55b-59a8-8c6e-1e480536cc20","pageElements":[{"definition":{},"id":"ad84bb2d-1576-0929-866f-a7d313f62a91","pageElements":[{"definition":{"fragment":{"key":"icon","siteKey":"Clarity Public Enterprise Website"},"fragmentConfig":{"iconName":"pencil","iconSize":"2.5rem"},"fragmentFields":[],"indexed":true},"id":"f9c20556-4645-79be-b5ee-132c3a71bbdc","type":"Fragment"},{"definition":{"fragment":{"key":"BASIC_COMPONENT-heading"},"fragmentConfig":{"headingLevel":"h5"},"fragmentFields":[{"id":"element-text","value":{"fragmentLink":{},"text":{"value_i18n":{"en_US":"Design"}}}}],"fragmentStyle":{"marginBottom":"3","marginTop":"1"},"indexed":true},"id":"498dc108-4db3-c50a-d41b-b746cf6b24a1","type":"Fragment"}],"type":"FragmentDropZone"}],"type":"Fragment"}],"type":"Section"}],"type":"Column"}],"type":"Row"}],"type":"Section"}],"type":"Section"},{"definition":{"fragmentStyle":{"backgroundFragmentImage":{},"minHeight":"450px"},"indexed":true,"layout":{"contentDisplay":"FlexColumn","justify":"Center"},"name":"Distributor Promo"},"id":"8611f4e1-358b-71fd-3258-5f3d93cfa388","pageElements":[{"definition":{"gutters":true,"indexed":true,"modulesPerRow":2,"numberOfColumns":2,"reverseOrder":false,"rowViewports":[{"id":"landscapeMobile","rowViewportDefinition":{"modulesPerRow":1}},{"id":"portraitMobile","rowViewportDefinition":{}},{"id":"tablet","rowViewportDefinition":{}}],"verticalAlignment":"middle"},"id":"97c96c71-347c-e4b8-5850-8d3733e601b5","pageElements":[{"definition":{"columnViewports":[{"columnViewportDefinition":{"size":12},"id":"landscapeMobile"},{"columnViewportDefinition":{},"id":"portraitMobile"},{"columnViewportDefinition":{},"id":"tablet"}],"size":6},"id":"1cad4ae3-21fa-6b87-56eb-a92c07127f69","type":"Column"},{"definition":{"columnViewports":[{"columnViewportDefinition":{"size":12},"id":"landscapeMobile"},{"columnViewportDefinition":{},"id":"portraitMobile"},{"columnViewportDefinition":{},"id":"tablet"}],"size":6},"id":"bd742fd3-3606-0497-bc6e-9ab213ac384d","pageElements":[{"definition":{"fragmentStyle":{"maxWidth":"400px"},"indexed":true,"layout":{"align":"Start","contentDisplay":"FlexColumn","justify":"Center"},"name":"Content Container"},"id":"fbf0ba12-122d-fc9c-361c-7ff17c322e81","pageElements":[{"definition":{"fragment":{"key":"BASIC_COMPONENT-heading"},"fragmentConfig":{"headingLevel":"h3"},"fragmentFields":[{"id":"element-text","value":{"fragmentLink":{},"text":{"value_i18n":{"en_US":"Apply to be a distributor today"}}}}],"indexed":true},"id":"22d30a47-a821-0fc3-934b-a908b3fa0a1c","type":"Fragment"},{"definition":{"fragment":{"key":"BASIC_COMPONENT-paragraph"},"fragmentConfig":{},"fragmentFields":[{"id":"element-text","value":{"fragmentLink":{},"text":{"value_i18n":{"en_US":"Clarity is an eyeglass and contact lens manufacturer that sells directly to consumer brands. We redefine Clarity through precision-crafted eyewear. Explore our curated selection of stylish frames, expertly desgined to enhance your vision and style."}}}}],"fragmentStyle":{"marginBottom":"4","marginTop":"4"},"indexed":true},"id":"8ad8daf5-866f-f1fb-0f1f-b7af0f4b6acb","type":"Fragment"},{"definition":{"fragment":{"key":"BASIC_COMPONENT-button"},"fragmentConfig":{"buttonType":"primary","type":"link","buttonSize":"nm"},"fragmentFields":[{"id":"link","value":{"fragmentLink":{"value":{"href":{"value":""}}},"text":{"value_i18n":{"en_US":"Apply Now"}}}}],"indexed":true},"id":"94ca10ad-1c87-abb2-11f5-58f1f0ebcc3b","type":"Fragment"}],"type":"Section"}],"type":"Column"}],"type":"Row"}],"type":"Section"},{"definition":{"fragmentStyle":{"paddingBottom":"8","paddingLeft":"7","paddingRight":"7","paddingTop":"8"},"indexed":true,"layout":{"paddingBottom":10,"paddingLeft":8,"paddingRight":8,"paddingTop":10},"name":"Helpful Articles"},"id":"339747b8-29cc-bda9-2d9a-e9a3f6f34509","pageElements":[{"definition":{"fragment":{"key":"BASIC_COMPONENT-heading"},"fragmentConfig":{"headingLevel":"h2"},"fragmentFields":[{"id":"element-text","value":{"fragmentLink":{},"text":{"value_i18n":{"en_US":"Helpful articles from our team!"}}}}],"fragmentStyle":{"marginBottom":"6","textAlign":"center"},"indexed":true},"id":"7d832e0e-5b4a-5781-c1fb-b1ca6a2e4561","type":"Fragment"},{"definition":{"collectionViewports":[{"collectionViewportDefinition":{"numberOfColumns":1},"id":"landscapeMobile"},{"collectionViewportDefinition":{"numberOfColumns":1},"id":"portraitMobile"},{"collectionViewportDefinition":{"numberOfColumns":1},"id":"tablet"}],"displayAllItems":false,"displayAllPages":false,"emptyCollectionConfig":{"displayMessage":false},"layout":{"flexWrap":"Wrap","justify":"SpaceAround"},"listItemStyle":"","listStyle":"","numberOfColumns":3,"numberOfItems":3,"numberOfItemsPerPage":20,"numberOfPages":5,"paginationType":"Numeric","showAllItems":false,"templateKey":""},"id":"439c2a6f-f69e-f500-0226-989e3519c3d2","pageElements":[{"definition":{"collectionItemConfig":{}},"id":"deabdb3a-34ac-f9a0-eb23-189b0ce2d1f4","pageElements":[{"definition":{"fragment":{"key":"card","siteKey":"Clarity Public Enterprise Website"},"fragmentConfig":{},"fragmentFields":[{"id":"card-image","value":{"fragmentImage":{"description":{"value_i18n":{}},"url":{"value_i18n":{}}},"fragmentLink":{}}},{"id":"summary","value":{"fragmentLink":{}}},{"id":"card-title","value":{"fragmentLink":{}}},{"id":"card-link","value":{"fragmentLink":{"value":{"href":{"value":"#"}}}}},{"id":"category","value":{"fragmentLink":{}}}],"indexed":true},"id":"6ba1eb31-cd5b-b746-cd9d-69651b603e36","type":"Fragment"}],"type":"CollectionItem"}],"type":"Collection"}],"type":"Section"}],"type":"Section"}