{"definition":{"indexed":true,"layout":{},"name":"Search Page"},"id":"6c2a6213-3015-73bf-3406-4ba80bca07e7","pageElements":[{"definition":{"fragmentStyle":{"paddingBottom":"3","paddingLeft":"5","paddingRight":"5","paddingTop":"5"},"indexed":true,"layout":{"paddingBottom":1,"paddingLeft":4,"paddingRight":4,"paddingTop":4},"name":"Search Content"},"id":"51abce16-cf3a-94ec-25e7-a2069d99f614","pageElements":[{"definition":{"gutters":true,"indexed":true,"modulesPerRow":2,"numberOfColumns":2,"reverseOrder":false,"rowViewports":[{"id":"landscapeMobile","rowViewportDefinition":{"modulesPerRow":1}},{"id":"portraitMobile","rowViewportDefinition":{}},{"id":"tablet","rowViewportDefinition":{}}],"verticalAlignment":"top"},"id":"fc4fdf67-bb98-2f10-cbd6-12809a2669ab","pageElements":[{"definition":{"columnViewports":[{"columnViewportDefinition":{"size":12},"id":"landscapeMobile"},{"columnViewportDefinition":{},"id":"portraitMobile"},{"columnViewportDefinition":{},"id":"tablet"}],"size":4},"id":"f2c71dc6-4137-ecff-edc1-9b7c20d6b6f5","pageElements":[{"definition":{"widgetInstance":{"widgetConfig":{"federatedSearchKey":"","suggestionsContributorConfigurations":"{\"contributorName\":\"basic\",\"displayGroupName\":\"suggestions\",\"size\":5}","searchScope":"everything","showStagedResults":"false","suggestionsEnabled":"true","destination":"","invisible":"false","displayStyleGroupId":"37203","suggestionsDisplayThreshold":"2","displayStyle":"default","scopeParameterName":"scope","keywordsParameterName":"q","useAdvancedSearchSyntax":"false"},"widgetName":"com_liferay_portal_search_web_search_bar_portlet_SearchBarPortlet"}},"id":"7c6feef0-2508-1ef0-6f0f-c44e983aa0f6","type":"Widget"},{"definition":{"widgetInstance":{"widgetConfig":{"assetTypes":"com.liferay.blogs.model.BlogsEntry,com.liferay.commerce.product.model.CPDefinition,com.liferay.journal.model.JournalArticle","displayStyle":"default","frequencyThreshold":"1","frequenciesVisible":"true","parameterName":"type","displayStyleGroupId":"37203","order":"count:desc"},"widgetName":"com_liferay_portal_search_web_type_facet_portlet_TypeFacetPortlet"}},"id":"4edc0704-163c-7526-c469-dbd2282619bd","type":"Widget"}],"type":"Column"},{"definition":{"columnViewports":[{"columnViewportDefinition":{"size":12},"id":"landscapeMobile"},{"columnViewportDefinition":{},"id":"portraitMobile"},{"columnViewportDefinition":{},"id":"tablet"}],"size":8},"id":"feaf8982-90f8-9c1c-917b-3036c3172d97","pageElements":[{"definition":{"widgetInstance":{"widgetConfig":{"viewInContext":"true","displayStyle":"ddmTemplate_SEARCH-RESULTS-COMPACT-FTL","federatedSearchKey":"","fieldsToDisplay":"","displayInDocumentForm":"false","paginationDelta":"10","paginationStartParameterName":"start","showEmptyResultMessage":"true","showPagination":"true","paginationDeltaParameterName":"delta","displayStyleGroupId":"20119","highlightEnabled":"false"},"widgetName":"com_liferay_portal_search_web_search_results_portlet_SearchResultsPortlet"}},"id":"cc43ac44-2637-5c47-1b7f-2a43a335f305","type":"Widget"}],"type":"Column"}],"type":"Row"}],"type":"Section"},{"definition":{"widgetInstance":{"widgetConfig":{"federatedSearchKey":"","allowEmptySearches":"true","basicFacetSelection":"false","retainFacetSelections":"true"},"widgetName":"com_liferay_portal_search_web_search_options_portlet_SearchOptionsPortlet"}},"id":"d5ae1b62-71fb-893a-9f1a-cdcff0f35d79","type":"Widget"},{"definition":{"widgetInstance":{"widgetConfig":{"federatedSearchKey":"","sxpBlueprintExternalReferenceCode":""},"widgetName":"com_liferay_search_experiences_web_internal_blueprint_options_portlet_SXPBlueprintOptionsPortlet","widgetPermissions":[{"actionKeys":["PERMISSIONS","PREFERENCES","CONFIGURATION","ACCESS_IN_CONTROL_PANEL","VIEW","ADD_TO_PAGE"],"roleKey":"Owner"},{"actionKeys":["VIEW"],"roleKey":"Site Member"},{"actionKeys":["VIEW"],"roleKey":"Guest"}]}},"id":"a10c1fc2-c093-ff20-6423-04184e4e9c8f","type":"Widget"}],"type":"Section"}