{"definition":{"indexed":true,"layout":{},"name":"Application - Success Page"},"id":"73b0ef26-fdc8-016d-a13f-82a9b4162699","pageElements":[{"definition":{"fragmentStyle":{"backgroundColor":"#FFFFFF","backgroundFragmentImage":{"title":{"value":"success-page-banner-white"},"url":{"value":"/documents/d/asset-library-34776/success-page-banner-white?imagePreview=1"}},"minHeight":"700px","overflow":"hidden","paddingBottom":"5","paddingTop":"5"},"indexed":true,"layout":{"align":"Center","contentDisplay":"FlexRow","flexWrap":"Wrap","justify":"Center","paddingBottom":4,"paddingTop":4},"name":"Success Message"},"id":"60756242-a659-09a7-0755-62e77179ace0","pageElements":[{"definition":{"fragmentStyle":{"width":"100%"},"gutters":true,"indexed":true,"modulesPerRow":2,"numberOfColumns":2,"reverseOrder":false,"rowViewports":[{"id":"landscapeMobile","rowViewportDefinition":{"modulesPerRow":1}},{"id":"portraitMobile","rowViewportDefinition":{}},{"id":"tablet","rowViewportDefinition":{}}],"verticalAlignment":"middle"},"id":"d7ae7235-7d88-804d-aa28-d75e84141f6f","pageElements":[{"definition":{"columnViewports":[{"columnViewportDefinition":{"size":12},"id":"landscapeMobile"},{"columnViewportDefinition":{},"id":"portraitMobile"},{"columnViewportDefinition":{},"id":"tablet"}],"size":6},"id":"3285c2b5-e45a-2b07-541d-8dffc618feef","type":"Column"},{"definition":{"columnViewports":[{"columnViewportDefinition":{"size":12},"id":"landscapeMobile"},{"columnViewportDefinition":{},"id":"portraitMobile"},{"columnViewportDefinition":{},"id":"tablet"}],"size":6},"id":"f0a27436-5f7d-b1ac-068b-5421af85c626","pageElements":[{"definition":{"fragment":{"key":"BASIC_COMPONENT-heading"},"fragmentConfig":{"headingLevel":"h1"},"fragmentFields":[{"id":"element-text","value":{"fragmentLink":{},"text":{"value_i18n":{"en_US":"Thank you for applying!"}}}}],"indexed":true},"id":"3927ae6f-bc94-dd93-3331-ddd6281e5389","type":"Fragment"},{"definition":{"fragment":{"key":"BASIC_COMPONENT-paragraph"},"fragmentConfig":{},"fragmentFields":[{"id":"element-text","value":{"fragmentLink":{},"text":{"value_i18n":{"en_US":"We have received your application! An associate will contact you shortly. You can review and update your application at any time by clicking the links below.&nbsp;"}}}}],"fragmentStyle":{"marginBottom":"6","marginTop":"6"},"indexed":true},"id":"7cc99e77-ba0f-a01d-3ddd-d1ea80b4c270","type":"Fragment"},{"definition":{"fragment":{"key":"BASIC_COMPONENT-button"},"fragmentConfig":{"buttonType":"primary","type":"link","buttonSize":"nm"},"fragmentFields":[{"id":"link","value":{"fragmentLink":{"value":{"href":{"mapping":{"itemReference":{"className":"com.liferay.portal.kernel.model.Layout","fields":[{"fieldName":"friendlyURL","fieldValue":"/home"},{"fieldName":"privatePage","fieldValue":"false"},{"fieldName":"siteKey","fieldValue":"Clarity Public Enterprise Website"}]}}}}},"text":{"value_i18n":{"en_US":"Go to Home Page"}}}}],"fragmentStyle":{"textAlign":"center"},"indexed":true},"id":"e74d0542-9242-6e89-22bb-d08687590d77","type":"Fragment"}],"type":"Column"}],"type":"Row"}],"type":"Section"}],"type":"Section"}