{"definition":{"indexed":true,"layout":{},"name":"Job Opening Display"},"id":"a6ccb34f-d3e4-2c07-879e-c62f811ed3b1","pageElements":[{"definition":{"fragmentStyle":{"paddingBottom":"5","paddingLeft":"5","paddingRight":"3","paddingTop":"5"},"indexed":true,"layout":{"paddingBottom":4,"paddingLeft":4,"paddingRight":1,"paddingTop":4},"name":"Job Title"},"id":"1f26933c-4196-0313-aac4-cf0852cdf260","pageElements":[{"definition":{"fragment":{"key":"heading-1","siteKey":"Clarity Public Enterprise Website"},"fragmentConfig":{"headingSize":"1"},"fragmentFields":[{"id":"page-title-fragment-right","value":{"fragmentLink":{}}},{"id":"page-title-fragment-left","value":{"fragmentLink":{}}}],"indexed":true},"id":"428e4806-39a8-e9a3-6dc5-d3352bb8165b","type":"Fragment"},{"definition":{"fragment":{"key":"BASIC_COMPONENT-paragraph"},"fragmentConfig":{},"fragmentFields":[{"id":"element-text","value":{"fragmentLink":{}}}],"indexed":true},"id":"2bdcc2d2-c98b-9bb1-5e1a-7c555b268b1a","type":"Fragment"}],"type":"Section"},{"definition":{"fragmentStyle":{"paddingBottom":"5","paddingLeft":"5","paddingRight":"3","paddingTop":"5"},"indexed":true,"layout":{"paddingBottom":4,"paddingLeft":4,"paddingRight":1,"paddingTop":4},"name":"Job Details"},"id":"078fe57b-8cb5-6771-e175-5513a1e76857","pageElements":[{"definition":{"fragmentStyle":{"paddingLeft":"9","paddingRight":"9"},"indexed":true,"layout":{},"name":"Role Overview"},"id":"9912e2de-53c6-1680-029e-524fc1da2da7","pageElements":[{"definition":{"fragment":{"key":"BASIC_COMPONENT-heading"},"fragmentConfig":{"headingLevel":"h4"},"fragmentFields":[{"id":"element-text","value":{"fragmentLink":{},"text":{"value_i18n":{"en_US":"Role Overview"}}}}],"fragmentStyle":{"marginBottom":"5"},"indexed":true},"id":"8050e667-7c73-2190-77ff-d6335672ee72","type":"Fragment"},{"definition":{"fragment":{"key":"BASIC_COMPONENT-html"},"fragmentConfig":{},"fragmentFields":[{"id":"element-html","value":{"html":{"value_i18n":{}}}}],"indexed":true},"id":"e7924559-14c2-026d-e538-dffd3b561576","type":"Fragment"}],"type":"Section"},{"definition":{"fragmentStyle":{"paddingLeft":"9","paddingRight":"9"},"indexed":true,"layout":{},"name":"Key Responsibilities"},"id":"3845f936-6c9b-f723-0ef3-4a196094b3aa","pageElements":[{"definition":{"fragment":{"key":"BASIC_COMPONENT-heading"},"fragmentConfig":{"headingLevel":"h4"},"fragmentFields":[{"id":"element-text","value":{"fragmentLink":{},"text":{"value_i18n":{"en_US":"Key Responsibilities"}}}}],"fragmentStyle":{"marginBottom":"5","marginTop":"5"},"indexed":true},"id":"49f744b3-c506-4ead-4c61-496d8e704410","type":"Fragment"},{"definition":{"fragment":{"key":"BASIC_COMPONENT-html"},"fragmentConfig":{},"fragmentFields":[{"id":"element-html","value":{"html":{"value_i18n":{}}}}],"indexed":true},"id":"e963266a-7329-0cdf-c5d5-ea63ab32b9b6","type":"Fragment"}],"type":"Section"},{"definition":{"fragmentStyle":{"paddingLeft":"9","paddingRight":"9"},"indexed":true,"layout":{},"name":"Qualifications and Kills"},"id":"1d822fa4-7960-a352-11ae-eda157fab421","pageElements":[{"definition":{"fragment":{"key":"BASIC_COMPONENT-heading"},"fragmentConfig":{"headingLevel":"h4"},"fragmentFields":[{"id":"element-text","value":{"fragmentLink":{},"text":{"value_i18n":{"en_US":"Qualifications and Skills"}}}}],"fragmentStyle":{"marginBottom":"5","marginTop":"5"},"indexed":true},"id":"4fac1208-da5f-ad89-c934-f4a093037bbe","type":"Fragment"},{"definition":{"fragment":{"key":"BASIC_COMPONENT-html"},"fragmentConfig":{},"fragmentFields":[{"id":"element-html","value":{"html":{"value_i18n":{}}}}],"indexed":true},"id":"5e7ac446-be4a-f7a9-3a33-ca34cdfa60de","type":"Fragment"}],"type":"Section"},{"definition":{"fragmentStyle":{"paddingLeft":"9","paddingRight":"9"},"indexed":true,"layout":{},"name":"Why Join"},"id":"e2e52655-2852-7e8f-ea84-58f60148ece7","pageElements":[{"definition":{"fragment":{"key":"BASIC_COMPONENT-heading"},"fragmentConfig":{"headingLevel":"h4"},"fragmentFields":[{"id":"element-text","value":{"fragmentLink":{},"text":{"value_i18n":{"en_US":"Why Join Clarity"}}}}],"fragmentStyle":{"marginBottom":"5","marginTop":"5"},"indexed":true},"id":"f6a92d1c-8ad3-355a-7cab-4598710203af","type":"Fragment"},{"definition":{"fragment":{"key":"BASIC_COMPONENT-html"},"fragmentConfig":{},"fragmentFields":[{"id":"element-html","value":{"html":{"value_i18n":{"en_US":"\t<p class=\"mb-0\">\n\t\tAt Clarity, we believe our employees are the heart and soul of our success. You'll join a company that values its people and is committed to providing a supportive and rewarding work environment. We offer competitive compensation and benefits packages, alongside opportunities for professional development. Here, you'll play a key role in shaping a positive employee experience and directly contribute to Clarity's continued growth and success.\n\t</p>\n"}}}}],"indexed":true},"id":"9320413b-7145-d9f7-ea1f-7761789fd94e","type":"Fragment"}],"type":"Section"},{"definition":{"fragmentStyle":{"marginTop":"6","paddingLeft":"9","paddingRight":"9"},"indexed":true,"layout":{"contentDisplay":"FlexRow","marginTop":6},"name":"User Actions"},"id":"e9c41cb0-5d95-398d-40bb-29ed596b5956","pageElements":[{"definition":{"fragment":{"key":"dialect-dialect-button","siteKey":"Clarity Public Enterprise Website"},"fragmentConfig":{"uppercase":false,"iconName":"","style":"primary","type":"ghost","inverted":false,"buttonSize":""},"fragmentFields":[{"id":"link","value":{"fragmentLink":{},"text":{"value_i18n":{"en_US":"Back to Open Positions"}}}}],"indexed":true},"id":"0161868c-b477-efcc-7ece-52b356643d17","type":"Fragment"},{"definition":{"fragment":{"key":"dialect-dialect-button","siteKey":"Clarity Public Enterprise Website"},"fragmentConfig":{"uppercase":false,"iconName":"","style":"primary","type":"solid","inverted":false,"buttonSize":""},"fragmentFields":[{"id":"link","value":{"fragmentLink":{},"text":{"value_i18n":{"en_US":"Apply Now"}}}},{"id":"text","value":{"fragmentLink":{},"text":{"value_i18n":{"en_US":"Apply Now"}}}}],"fragmentStyle":{"marginLeft":"3"},"indexed":true},"id":"1633d7a2-c182-1b53-afde-4747a2a1808c","type":"Fragment"}],"type":"Section"}],"type":"Section"}],"type":"Section"}