{"definition":{"indexed":true,"layout":{},"name":"Products Page"},"id":"33d4a3de-5b28-c049-4cdb-9ea0933182b4","pageElements":[{"definition":{"fragmentStyle":{"backgroundFragmentImage":{},"height":"460px","paddingLeft":"7","paddingRight":"7"},"indexed":true,"layout":{"align":"Center","contentDisplay":"FlexRow","flexWrap":"Wrap","paddingLeft":8,"paddingRight":8},"name":"Banner"},"id":"8af7e6c5-789c-4233-6538-f009111a4878","pageElements":[{"definition":{"fragmentStyle":{"width":"100%"},"gutters":true,"indexed":true,"modulesPerRow":2,"numberOfColumns":2,"reverseOrder":false,"rowViewports":[{"id":"landscapeMobile","rowViewportDefinition":{"modulesPerRow":1}},{"id":"portraitMobile","rowViewportDefinition":{}},{"id":"tablet","rowViewportDefinition":{}}],"verticalAlignment":"middle"},"id":"d1ca35a1-243b-a917-bdb9-5ff5515cb51c","pageElements":[{"definition":{"columnViewports":[{"columnViewportDefinition":{"size":12},"id":"landscapeMobile"},{"columnViewportDefinition":{},"id":"portraitMobile"},{"columnViewportDefinition":{},"id":"tablet"}],"size":6},"id":"fd4cd5b4-3718-b9ae-34eb-c1937517fce4","pageElements":[{"definition":{"fragment":{"key":"BASIC_COMPONENT-heading"},"fragmentConfig":{"headingLevel":"h1"},"fragmentFields":[{"id":"element-text","value":{"fragmentLink":{},"text":{"value_i18n":{"en_US":"Elevate Your Eyewear Business with Premium Quality"}}}}],"fragmentStyle":{"marginBottom":"5"},"indexed":true},"id":"8c13fd91-13b0-d21e-326e-f54dad42eae9","type":"Fragment"},{"definition":{"fragment":{"key":"BASIC_COMPONENT-paragraph"},"fragmentConfig":{},"fragmentFields":[{"id":"element-text","value":{"fragmentLink":{},"text":{"value_i18n":{"en_US":"Elevate your brand with a curaed selection of glasses, sunglasses, conact and lenses"}}}}],"indexed":true},"id":"fcc3ec4e-31b9-5a43-e80c-c16f67032aa5","type":"Fragment"}],"type":"Column"},{"definition":{"columnViewports":[{"columnViewportDefinition":{"size":12},"id":"landscapeMobile"},{"columnViewportDefinition":{},"id":"portraitMobile"},{"columnViewportDefinition":{},"id":"tablet"}],"size":6},"id":"6af37c94-db08-c9b4-18a5-c0c5a5e65d25","type":"Column"}],"type":"Row"}],"type":"Section"},{"definition":{"fragmentStyle":{"paddingBottom":"5","paddingLeft":"5","paddingRight":"3","paddingTop":"5"},"indexed":true,"layout":{"paddingBottom":4,"paddingLeft":4,"paddingRight":1,"paddingTop":4},"name":"Bento Row 1"},"id":"5fb4b4d9-35ce-9fbf-bed2-d08f4121d8f8","pageElements":[{"definition":{"gutters":true,"indexed":true,"modulesPerRow":2,"numberOfColumns":2,"reverseOrder":false,"rowViewports":[{"id":"landscapeMobile","rowViewportDefinition":{"modulesPerRow":1}},{"id":"portraitMobile","rowViewportDefinition":{}},{"id":"tablet","rowViewportDefinition":{}}],"verticalAlignment":"top"},"id":"73eded54-f6ac-6de4-647e-680b9af15572","pageElements":[{"definition":{"columnViewports":[{"columnViewportDefinition":{"size":12},"id":"landscapeMobile"},{"columnViewportDefinition":{},"id":"portraitMobile"},{"columnViewportDefinition":{},"id":"tablet"}],"size":8},"id":"059cc528-4c23-4656-baa6-f8fac75a38ad","pageElements":[{"definition":{"fragmentStyle":{"backgroundColor":"#FDFBF7"},"indexed":true,"layout":{},"name":"Eyeglasses"},"id":"9d13e753-6b3c-1dd4-e24a-d111f29bb7ee","pageElements":[{"definition":{"fragment":{"key":"BASIC_COMPONENT-image"},"fragmentConfig":{"imageSize":"w-100"},"fragmentFields":[{"id":"image-square","value":{"fragmentImage":{"description":{"value_i18n":{}},"url":{"value_i18n":{}}},"fragmentLink":{}}}],"fragmentStyle":{"backgroundFragmentImage":{}},"indexed":true},"id":"9ace0acc-6bcd-57c8-7765-4fd2139e08ce","type":"Fragment"},{"definition":{"fragment":{"key":"BASIC_COMPONENT-heading"},"fragmentConfig":{"headingLevel":"h2"},"fragmentFields":[{"id":"element-text","value":{"fragmentLink":{},"text":{"value_i18n":{"en_US":"Eyeglasses"}}}}],"fragmentStyle":{"marginBottom":"5","marginLeft":"5","marginRight":"5","marginTop":"5"},"indexed":true},"id":"aa3047d5-c024-91f4-1690-da307f5b0861","type":"Fragment"},{"definition":{"fragment":{"key":"BASIC_COMPONENT-paragraph"},"fragmentConfig":{},"fragmentFields":[{"id":"element-text","value":{"fragmentLink":{},"text":{"value_i18n":{"en_US":"Elevate your style with precision-crafted eyeglasses that seamlessly merge high quality with sustainability."}}}}],"fragmentStyle":{"marginBottom":"5","marginLeft":"5","marginRight":"5"},"indexed":true},"id":"896d77d1-400a-e8d2-b6af-4c8d6e683160","type":"Fragment"},{"definition":{"fragment":{"key":"dialect-dialect-button","siteKey":"Clarity Public Enterprise Website"},"fragmentConfig":{"uppercase":false,"iconName":"","style":"primary","type":"solid","inverted":false,"buttonSize":""},"fragmentFields":[{"id":"link","value":{"fragmentLink":{"value":{"href":{"value_i18n":{"en_US":"/web/clarity/g/eyeglasses"}}}},"text":{"value_i18n":{"en_US":"Explore"}}}}],"fragmentStyle":{"marginLeft":"5","paddingBottom":"6"},"indexed":true},"id":"794c5ad8-8606-7fd6-03cd-a766c0bced08","type":"Fragment"}],"type":"Section"}],"type":"Column"},{"definition":{"columnViewports":[{"columnViewportDefinition":{"size":12},"id":"landscapeMobile"},{"columnViewportDefinition":{},"id":"portraitMobile"},{"columnViewportDefinition":{},"id":"tablet"}],"size":4},"id":"477772c8-4b74-8d2b-5b8d-752cf77d4b39","pageElements":[{"definition":{"fragmentStyle":{"backgroundColor":"#FDFBF7"},"indexed":true,"layout":{},"name":"Sunglasses"},"id":"a8048b37-a805-e8e1-6267-1b49f9fdb2e1","pageElements":[{"definition":{"fragment":{"key":"BASIC_COMPONENT-image"},"fragmentConfig":{"imageSize":"w-100"},"fragmentFields":[{"id":"image-square","value":{"fragmentImage":{"description":{"value_i18n":{"en_US":""}},"url":{"value_i18n":{}}},"fragmentLink":{}}}],"fragmentStyle":{"backgroundFragmentImage":{}},"indexed":true},"id":"5056eb87-b6c3-0b84-597b-5a9f186754f0","type":"Fragment"},{"definition":{"fragment":{"key":"BASIC_COMPONENT-heading"},"fragmentConfig":{"headingLevel":"h2"},"fragmentFields":[{"id":"element-text","value":{"fragmentLink":{},"text":{"value_i18n":{"en_US":"Sunglasses"}}}}],"fragmentStyle":{"marginBottom":"5","marginLeft":"5","marginRight":"5","marginTop":"5"},"indexed":true},"id":"50c67596-d56b-64be-9a72-1bbe6a06c2c5","type":"Fragment"},{"definition":{"fragment":{"key":"BASIC_COMPONENT-paragraph"},"fragmentConfig":{},"fragmentFields":[{"id":"element-text","value":{"fragmentLink":{},"text":{"value_i18n":{"en_US":"Make a bold statement with our stylish and sustainable sunglasses, combining cutting-edge design with uncompromising quality."}}}}],"fragmentStyle":{"marginBottom":"5","marginLeft":"5","marginRight":"5"},"indexed":true},"id":"c974aee1-4388-b090-d7d7-0ac6f4b37f1b","type":"Fragment"},{"definition":{"fragment":{"key":"dialect-dialect-button","siteKey":"Clarity Public Enterprise Website"},"fragmentConfig":{"uppercase":false,"iconName":"","style":"primary","type":"solid","inverted":false,"buttonSize":""},"fragmentFields":[{"id":"link","value":{"fragmentLink":{"value":{"href":{"value_i18n":{"en_US":"/web/clarity/g/sunglasses"}}}},"text":{"value_i18n":{"en_US":"Explore"}}}}],"fragmentStyle":{"marginLeft":"5","paddingBottom":"6"},"indexed":true},"id":"f35ffe6f-db22-e24e-6fbb-2d990a00ce16","type":"Fragment"}],"type":"Section"}],"type":"Column"}],"type":"Row"}],"type":"Section"},{"definition":{"fragmentStyle":{"marginBottom":"5","paddingBottom":"5","paddingLeft":"5","paddingRight":"3","paddingTop":"5"},"indexed":true,"layout":{"marginBottom":4,"paddingBottom":4,"paddingLeft":4,"paddingRight":1,"paddingTop":4},"name":"Bento Row 2"},"id":"f045db5e-cb8c-97da-9934-6075744690ae","pageElements":[{"definition":{"gutters":true,"indexed":true,"modulesPerRow":2,"numberOfColumns":2,"reverseOrder":false,"rowViewports":[{"id":"landscapeMobile","rowViewportDefinition":{"modulesPerRow":1}},{"id":"portraitMobile","rowViewportDefinition":{}},{"id":"tablet","rowViewportDefinition":{}}],"verticalAlignment":"top"},"id":"d87d3060-1351-30d8-02ae-b08baeb43273","pageElements":[{"definition":{"columnViewports":[{"columnViewportDefinition":{"size":12},"id":"landscapeMobile"},{"columnViewportDefinition":{},"id":"portraitMobile"},{"columnViewportDefinition":{},"id":"tablet"}],"size":4},"id":"f80bbc4b-112c-c880-ab64-160710e3542f","pageElements":[{"definition":{"fragmentStyle":{"backgroundColor":"#FDFBF7"},"indexed":true,"layout":{},"name":"Contacts"},"id":"7489b409-2851-e5a3-d441-9a6d378cef01","pageElements":[{"definition":{"fragment":{"key":"BASIC_COMPONENT-image"},"fragmentConfig":{"imageSize":"w-100"},"fragmentFields":[{"id":"image-square","value":{"fragmentImage":{"description":{"value_i18n":{"en_US":""}},"url":{"value_i18n":{}}},"fragmentLink":{}}}],"indexed":true},"id":"3d869bda-c033-7848-0993-b0b000f4ce78","type":"Fragment"},{"definition":{"fragment":{"key":"BASIC_COMPONENT-heading"},"fragmentConfig":{"headingLevel":"h2"},"fragmentFields":[{"id":"element-text","value":{"fragmentLink":{},"text":{"value_i18n":{"en_US":"Contacts"}}}}],"fragmentStyle":{"marginBottom":"5","marginLeft":"5","marginRight":"5","marginTop":"5"},"indexed":true},"id":"8617a809-5cd8-aa53-caf0-f798bb96ce39","type":"Fragment"},{"definition":{"fragment":{"key":"BASIC_COMPONENT-paragraph"},"fragmentConfig":{},"fragmentFields":[{"id":"element-text","value":{"fragmentLink":{}}}],"fragmentStyle":{"marginBottom":"5","marginLeft":"5","marginRight":"5"},"indexed":true},"id":"08068259-cde8-0062-d2fa-c9d9d176b73a","type":"Fragment"},{"definition":{"fragment":{"key":"dialect-dialect-button","siteKey":"Clarity Public Enterprise Website"},"fragmentConfig":{"uppercase":false,"iconName":"","style":"primary","type":"solid","inverted":false,"buttonSize":""},"fragmentFields":[{"id":"link","value":{"fragmentLink":{"value":{"href":{"value_i18n":{"en_US":"/web/clarity/g/contacts"}}}},"text":{"value_i18n":{"en_US":"Explore"}}}}],"fragmentStyle":{"marginLeft":"3","paddingBottom":"6"},"indexed":true},"id":"3cb141d4-8d57-2b87-117b-1b60bef6bc4f","type":"Fragment"}],"type":"Section"}],"type":"Column"},{"definition":{"columnViewports":[{"columnViewportDefinition":{"size":12},"id":"landscapeMobile"},{"columnViewportDefinition":{},"id":"portraitMobile"},{"columnViewportDefinition":{},"id":"tablet"}],"size":8},"id":"3acf19fa-1500-224f-f672-4ceef29b947e","pageElements":[{"definition":{"fragmentStyle":{"backgroundColor":"#FDFBF7"},"indexed":true,"layout":{},"name":"Lenses"},"id":"2bc02564-8452-9156-5f5f-c4e232ca2625","pageElements":[{"definition":{"fragment":{"key":"BASIC_COMPONENT-image"},"fragmentConfig":{"imageSize":"w-100"},"fragmentFields":[{"id":"image-square","value":{"fragmentImage":{"description":{"value_i18n":{"en_US":""}},"url":{"value_i18n":{}}},"fragmentLink":{}}}],"fragmentStyle":{"height":"50%","maxHeight":"50%"},"indexed":true},"id":"1a26d347-a103-cabb-b2cf-739eaea0ff0c","type":"Fragment"},{"definition":{"fragment":{"key":"BASIC_COMPONENT-heading"},"fragmentConfig":{"headingLevel":"h2"},"fragmentFields":[{"id":"element-text","value":{"fragmentLink":{},"text":{"value_i18n":{"en_US":"Lenses"}}}}],"fragmentStyle":{"marginBottom":"5","marginLeft":"5","marginRight":"5","marginTop":"5"},"indexed":true},"id":"cdeadc5b-f67b-aad4-65f0-108ff3a94795","type":"Fragment"},{"definition":{"fragment":{"key":"BASIC_COMPONENT-paragraph"},"fragmentConfig":{},"fragmentFields":[{"id":"element-text","value":{"fragmentLink":{}}}],"fragmentStyle":{"marginBottom":"5","marginLeft":"5","marginRight":"5"},"indexed":true},"id":"c28daf87-6ded-7ae4-d5c6-5324bbaef50e","type":"Fragment"},{"definition":{"fragment":{"key":"dialect-dialect-button","siteKey":"Clarity Public Enterprise Website"},"fragmentConfig":{"uppercase":false,"iconName":"","style":"primary","type":"solid","inverted":false,"buttonSize":""},"fragmentFields":[{"id":"link","value":{"fragmentLink":{"value":{"href":{"value_i18n":{"en_US":"/web/clarity/g/lenses"}}}},"text":{"value_i18n":{"en_US":"Explore"}}}}],"fragmentStyle":{"marginLeft":"5","paddingBottom":"6"},"indexed":true},"id":"84dfb810-7ad1-2edc-c270-b737b12a6d11","type":"Fragment"}],"type":"Section"}],"type":"Column"}],"type":"Row"}],"type":"Section"}],"type":"Section"}