{"definition":{"indexed":true,"layout":{},"name":"Application - Step One"},"id":"6fe6f29d-8f24-a2c1-5e74-76c82a3efde4","pageElements":[{"definition":{"fragment":{"key":"banner-(copy)","siteKey":"Clarity Public Enterprise Website"},"fragmentConfig":{},"fragmentFields":[],"indexed":true},"id":"b9a0f8f8-5ae6-4652-8c93-329a7cb0a71b","pageElements":[{"definition":{},"id":"4f74403d-adfc-5e94-74eb-73830064b5f6","pageElements":[{"definition":{"fragmentStyle":{"backgroundFragmentImage":{}},"indexed":true,"layout":{},"name":"Background Overlay"},"id":"c8c6c56a-eae4-cc66-f72a-0e61f73048fb","pageElements":[{"definition":{"fragmentStyle":{"paddingTop":"5","textAlign":"center"},"indexed":true,"layout":{"paddingTop":4},"name":"Header Content"},"id":"b6607ca1-9a7a-c23d-2441-fa2d09e7d680","pageElements":[{"definition":{"fragment":{"key":"BASIC_COMPONENT-heading"},"fragmentConfig":{"headingLevel":"h1"},"fragmentFields":[{"id":"element-text","value":{"fragmentLink":{},"text":{"value_i18n":{"en_US":"International Distributor Application"}}}}],"fragmentStyle":{"marginBottom":"4","marginTop":"6","textColor":"bodyBgColor"},"indexed":true},"id":"f508b2ad-8810-3668-6631-80a686cd8bd2","type":"Fragment"}],"type":"Section"},{"definition":{"fragmentStyle":{"backgroundColor":"","borderRadius":"15px","overflow":"hidden","paddingBottom":"8","paddingTop":"5"},"indexed":true,"layout":{"align":"Center","contentDisplay":"FlexRow","flexWrap":"Wrap","justify":"Center","paddingBottom":10,"paddingTop":4},"name":"Distributor Form"},"id":"eac0c62b-0288-efbe-7ec9-0c7de461da9c","pageElements":[{"definition":{"formConfig":{"formReference":{"className":"com.liferay.object.model.ObjectDefinition#46230","classType":0}},"fragmentStyle":{"backgroundColor":"#FFFFFF","borderRadius":"15px","overflow":"hidden","paddingBottom":"6","paddingLeft":"6","paddingRight":"6","paddingTop":"5","width":"750px"},"indexed":true,"layout":{}},"id":"7f376221-18c0-5e5d-723a-2ce2e2894620","pageElements":[{"definition":{"fragment":{"key":"multi-step-nav","siteKey":"Clarity Public Enterprise Website"},"fragmentConfig":{"stepFive":"","stepTwo":"","stepOne":"active","stepThree":"","stepFour":""},"fragmentFields":[],"fragmentStyle":{"marginBottom":"6","paddingTop":"6"},"indexed":true},"id":"20df1d31-601c-83df-9019-934c25903787","type":"Fragment"},{"definition":{"fragment":{"key":"BASIC_COMPONENT-heading"},"fragmentConfig":{"headingLevel":"h3"},"fragmentFields":[{"id":"element-text","value":{"fragmentLink":{},"text":{"value_i18n":{"en_US":"General Details"}}}}],"fragmentStyle":{"marginBottom":"6"},"indexed":true},"id":"d336e536-fabd-201b-c67a-9224411017d6","type":"Fragment"},{"definition":{"fragment":{"key":"INPUTS-text-input"},"fragmentConfig":{"showCharactersCount":false,"placeholder":""},"fragmentFields":[],"indexed":true},"id":"27ba5996-c356-e382-fedc-b6d909ca48dd","type":"Fragment"},{"definition":{"fragment":{"key":"INPUTS-text-input"},"fragmentConfig":{"showCharactersCount":false,"placeholder":""},"fragmentFields":[],"fragmentStyle":{"marginTop":"5"},"indexed":true},"id":"8f52774c-989b-683c-7127-c54fc984972c","type":"Fragment"},{"definition":{"fragment":{"key":"INPUTS-multiselect-list"},"fragmentConfig":{"numberOfOptions":0,"showAllOptions":true},"fragmentFields":[],"fragmentStyle":{"marginTop":"5"},"indexed":true},"id":"9da3ba8d-dd7c-685a-91e5-67e878a93a62","type":"Fragment"},{"definition":{"fragment":{"key":"INPUTS-multiselect-list"},"fragmentConfig":{"numberOfOptions":5,"showAllOptions":true},"fragmentFields":[],"fragmentStyle":{"marginTop":"5"},"indexed":true},"id":"b55e8127-86b4-7e43-be62-df12b7df09e9","type":"Fragment"},{"definition":{"fragment":{"key":"INPUTS-select-from-list"},"fragmentConfig":{},"fragmentFields":[],"fragmentStyle":{"marginTop":"5"},"indexed":true},"id":"39ac51db-938e-115d-9eea-891e764b7364","type":"Fragment"},{"definition":{"fragment":{"key":"INPUTS-select-from-list"},"fragmentConfig":{},"fragmentFields":[],"fragmentStyle":{"marginTop":"5"},"indexed":true},"id":"58817328-89e0-f6f6-e86d-741e395d217d","type":"Fragment"},{"definition":{"fragment":{"key":"INPUTS-textarea"},"fragmentConfig":{"showCharactersCount":false,"numberOfLines":0,"placeholder":""},"fragmentFields":[],"fragmentStyle":{"marginTop":"5"},"indexed":true},"id":"644a0840-7ad8-d548-c425-e1cb8e8b6917","type":"Fragment"},{"definition":{"fragment":{"key":"INPUTS-select-from-list"},"fragmentConfig":{},"fragmentFields":[],"fragmentStyle":{"marginTop":"5"},"indexed":true},"id":"a40344cd-ef4c-a66d-07c5-e4e475e8b81f","type":"Fragment"},{"definition":{"fragment":{"key":"INPUTS-submit-button"},"fragmentConfig":{"buttonType":"primary","submittedEntryStatus":"0","buttonSize":"nm"},"fragmentFields":[{"id":"submit-button-text","value":{"fragmentLink":{},"text":{"value_i18n":{"en_US":"Next Step &gt;"}}}}],"fragmentStyle":{"paddingTop":"6"},"indexed":true},"id":"21e03d97-1698-ca97-d46e-17348512b48f","type":"Fragment"}],"type":"Form"}],"type":"Section"}],"type":"Section"}],"type":"FragmentDropZone"}],"type":"Fragment"},{"definition":{"fragmentStyle":{"paddingBottom":"5","paddingLeft":"5","paddingRight":"3","paddingTop":"5"},"indexed":true,"layout":{"paddingBottom":4,"paddingLeft":4,"paddingRight":1,"paddingTop":4},"name":"Store Details"},"id":"73e587e4-bb0b-34ce-8131-c6f962052ce2","pageElements":[{"definition":{"gutters":true,"indexed":true,"modulesPerRow":3,"numberOfColumns":3,"reverseOrder":false,"rowViewports":[{"id":"landscapeMobile","rowViewportDefinition":{"modulesPerRow":1}},{"id":"portraitMobile","rowViewportDefinition":{}},{"id":"tablet","rowViewportDefinition":{}}],"verticalAlignment":"top"},"id":"08fb2a4c-7515-88ca-e0df-2bf1d91a076e","pageElements":[{"definition":{"columnViewports":[{"columnViewportDefinition":{"size":12},"id":"landscapeMobile"},{"columnViewportDefinition":{},"id":"portraitMobile"},{"columnViewportDefinition":{},"id":"tablet"}],"size":4},"id":"d3a85e7e-b165-0672-775d-5ea7bc58b204","pageElements":[{"definition":{"fragment":{"key":"BASIC_COMPONENT-html"},"fragmentConfig":{},"fragmentFields":[{"id":"element-html","value":{"html":{"value_i18n":{"en_US":"\n<h2>Store</h2>\n\n<div>3931 N Ashland Ave</div>\n<div>Chicago, Illinois</div>\n<div>60613</div>"}}}}],"indexed":true},"id":"9e21216d-e573-6331-dbd8-e84b077ba067","type":"Fragment"}],"type":"Column"},{"definition":{"columnViewports":[{"columnViewportDefinition":{"size":12},"id":"landscapeMobile"},{"columnViewportDefinition":{},"id":"portraitMobile"},{"columnViewportDefinition":{},"id":"tablet"}],"size":4},"id":"e7b5d6a9-138c-d1f1-16d5-9363f294bfcc","pageElements":[{"definition":{"fragment":{"key":"BASIC_COMPONENT-html"},"fragmentConfig":{},"fragmentFields":[{"id":"element-html","value":{"html":{"value_i18n":{"en_US":"\n<h2>Opening Hours</h2>\n\n<div>Mon - Fri: 9am - 5pm</div>\n<div>Sat - Sun: Closed</div>\n<div>Bank Holidays: Closed</div>"}}}}],"indexed":true},"id":"30a87cb4-7d36-b5d7-e452-27d390e53490","type":"Fragment"}],"type":"Column"},{"definition":{"columnViewports":[{"columnViewportDefinition":{"size":12},"id":"landscapeMobile"},{"columnViewportDefinition":{},"id":"portraitMobile"},{"columnViewportDefinition":{},"id":"tablet"}],"size":4},"id":"245d5c39-decc-99fa-35b5-0b179837f2a8","pageElements":[{"definition":{"fragment":{"key":"BASIC_COMPONENT-html"},"fragmentConfig":{},"fragmentFields":[{"id":"element-html","value":{"html":{"value_i18n":{"en_US":"\n<div>Facebook</div>\n<div>X (Twitter)</div>\n<div>1 312 555 5555</div>"}}}}],"indexed":true},"id":"60d8bc7c-f96a-0458-7f14-6bd8fcd88807","type":"Fragment"}],"type":"Column"}],"type":"Row"}],"type":"Section"}],"type":"Section"}