{"definition":{"indexed":true,"layout":{},"name":"Home Page"},"id":"f74acd65-ddd8-b675-883c-5cc71d4168f4","pageElements":[{"definition":{"fragmentStyle":{"backgroundColor":"#FDFBF7","paddingLeft":"7","paddingRight":"7"},"indexed":true,"layout":{"paddingLeft":8,"paddingRight":8},"name":"Banner"},"id":"55875d03-3f81-6571-7897-efe55434b2ca","pageElements":[{"definition":{"indexed":true,"layout":{},"name":"Banner Content"},"id":"ec31915c-16d4-d517-5a5f-d4dfd715ab25","pageElements":[{"definition":{"gutters":true,"indexed":true,"modulesPerRow":2,"numberOfColumns":2,"reverseOrder":false,"rowViewports":[{"id":"landscapeMobile","rowViewportDefinition":{"modulesPerRow":1}},{"id":"portraitMobile","rowViewportDefinition":{}},{"id":"tablet","rowViewportDefinition":{}}],"verticalAlignment":"middle"},"id":"23b80863-4ca3-bcf3-91b2-d7cdf467996b","pageElements":[{"definition":{"columnViewports":[{"columnViewportDefinition":{"size":12},"id":"landscapeMobile"},{"columnViewportDefinition":{},"id":"portraitMobile"},{"columnViewportDefinition":{},"id":"tablet"}],"size":6},"id":"9f09a043-5bef-3ed2-f1a9-25343bafd382","pageElements":[{"definition":{"cssClasses":["btn-inverted"],"indexed":true,"layout":{"align":"Start","contentDisplay":"FlexColumn","flexWrap":"Wrap","justify":"Center"},"name":"Banner Text"},"id":"205f6ae0-646c-94b3-454a-08e7c3a81764","pageElements":[{"definition":{"fragment":{"key":"BASIC_COMPONENT-heading"},"fragmentConfig":{"headingLevel":"h1"},"fragmentFields":[{"id":"element-text","value":{"fragmentLink":{},"text":{"value_i18n":{"en_US":"Elevate Your Brand with Premium Eyewear"}}}}],"indexed":true},"id":"76a93ea2-7d06-face-67ad-b3d95406d02a","type":"Fragment"},{"definition":{"fragment":{"key":"BASIC_COMPONENT-paragraph"},"fragmentConfig":{},"fragmentFields":[{"id":"element-text","value":{"fragmentLink":{},"text":{"value_i18n":{"en_US":"Discover premium craftsmanship, innovative lenses, and designs that help your brand stand out."}}}}],"fragmentStyle":{"fontSize":"1.0rem","marginBottom":"4","marginTop":"4"},"indexed":true},"id":"c809d6f2-59d6-f715-c41b-b4eda1390383","type":"Fragment"},{"definition":{"fragment":{"key":"BASIC_COMPONENT-button"},"fragmentConfig":{"buttonType":"primary","type":"link","buttonSize":"nm"},"fragmentFields":[{"id":"link","value":{"fragmentLink":{},"text":{"value_i18n":{"en_US":"Start Your Journey"}}}}],"indexed":true},"id":"bf9bb33e-bc05-91ea-d281-56d10c813abd","type":"Fragment"}],"type":"Section"}],"type":"Column"},{"definition":{"columnViewports":[{"columnViewportDefinition":{"size":12},"id":"landscapeMobile"},{"columnViewportDefinition":{},"id":"portraitMobile"},{"columnViewportDefinition":{},"id":"tablet"}],"size":6},"id":"7283b78e-d43f-5adb-c5ca-f032c42de2ad","pageElements":[{"definition":{"fragment":{"key":"BASIC_COMPONENT-image"},"fragmentConfig":{"imageSize":"w-100"},"fragmentFields":[{"id":"image-square","value":{"fragmentImage":{"description":{"value_i18n":{"en_US":""}},"url":{"value_i18n":{}}},"fragmentLink":{}}}],"indexed":true},"id":"52b1a4d6-c157-8c76-6d19-344b71bf28ff","type":"Fragment"}],"type":"Column"}],"type":"Row"}],"type":"Section"}],"type":"Section"},{"definition":{"fragmentStyle":{"paddingBottom":"6","paddingLeft":"7","paddingRight":"7","paddingTop":"6"},"indexed":true,"layout":{"paddingBottom":6,"paddingLeft":8,"paddingRight":8,"paddingTop":6},"name":"Clarity Solutions Promo"},"id":"d7212798-852f-be92-04ed-2a33e7c210fa","pageElements":[{"definition":{"fragment":{"key":"banner-(copy)","siteKey":"Clarity Public Enterprise Website"},"fragmentConfig":{},"fragmentFields":[],"fragmentStyle":{"borderRadius":"25px","overflow":"hidden"},"indexed":true},"id":"062c4e0b-863f-2fe5-efe0-8c5c52955924","pageElements":[{"definition":{},"id":"9940c178-0843-da7b-84be-6e2aa2d93c60","pageElements":[{"definition":{"fragmentStyle":{"paddingBottom":"4","paddingLeft":"4","paddingRight":"4","paddingTop":"4"},"indexed":true,"layout":{"paddingBottom":2,"paddingLeft":2,"paddingRight":2,"paddingTop":2},"name":"Content Wrapper"},"id":"6be26811-9dc2-4eda-31d8-863df091753e","pageElements":[{"definition":{"gutters":false,"indexed":true,"modulesPerRow":2,"numberOfColumns":2,"reverseOrder":false,"rowViewports":[{"id":"landscapeMobile","rowViewportDefinition":{"modulesPerRow":1}},{"id":"portraitMobile","rowViewportDefinition":{}},{"id":"tablet","rowViewportDefinition":{}}],"verticalAlignment":"middle"},"id":"4fdd420e-222e-2e6e-2ee7-d7f650ea28f8","pageElements":[{"definition":{"columnViewports":[{"columnViewportDefinition":{"size":12},"id":"landscapeMobile"},{"columnViewportDefinition":{},"id":"portraitMobile"},{"columnViewportDefinition":{},"id":"tablet"}],"size":6},"id":"ef1ee0ed-30b5-8c89-d6d7-43974836a00d","pageElements":[{"definition":{"fragmentStyle":{"maxWidth":"80%"},"indexed":true,"layout":{},"name":"Content Text and Action"},"id":"51aeaaf5-f6ca-0c86-82cf-e63c9d5815cf","pageElements":[{"definition":{"fragment":{"key":"BASIC_COMPONENT-heading"},"fragmentConfig":{"headingLevel":"h3"},"fragmentFields":[{"id":"element-text","value":{"fragmentLink":{},"text":{"value_i18n":{"en_US":"See Further with Clarity Vision Solutions"}}}}],"fragmentStyle":{"textColor":"colorNeutral0"},"indexed":true},"id":"afc0c995-1be7-47bf-da30-bf8056024857","type":"Fragment"},{"definition":{"fragment":{"key":"BASIC_COMPONENT-paragraph"},"fragmentConfig":{},"fragmentFields":[{"id":"element-text","value":{"fragmentLink":{},"text":{"value_i18n":{"en_US":"Take advantage of exclusive offers on the latest products to deliver exceptional value for your business and your customers."}}}}],"fragmentStyle":{"fontSize":"fontSizeBase","marginBottom":"4","marginTop":"4","textColor":"colorNeutral0"},"indexed":true},"id":"b6d69072-16da-88d3-8065-e2847f7dc178","type":"Fragment"}],"type":"Section"},{"definition":{"fragment":{"key":"dialect-dialect-button","siteKey":"Clarity Public Enterprise Website"},"fragmentConfig":{"uppercase":false,"iconName":"","style":"primary","type":"solid","inverted":true,"buttonSize":""},"fragmentFields":[{"id":"link","value":{"fragmentLink":{},"text":{"value_i18n":{"en_US":"Learn More"}}}},{"id":"text","value":{"fragmentLink":{}}}],"indexed":true},"id":"11c4c356-881f-3d9a-8f80-43d1342809ee","type":"Fragment"}],"type":"Column"},{"definition":{"columnViewports":[{"columnViewportDefinition":{"size":12},"id":"landscapeMobile"},{"columnViewportDefinition":{},"id":"portraitMobile"},{"columnViewportDefinition":{},"id":"tablet"}],"size":6},"id":"71659d04-bf78-4572-b1c2-9be843646726","pageElements":[{"definition":{"fragmentStyle":{"borderRadius":"20px","overflow":"hidden"},"indexed":true,"layout":{},"name":"Content Image"},"id":"080a666f-b5e5-8e1d-0933-c43f2d20a498","pageElements":[{"definition":{"fragment":{"key":"BASIC_COMPONENT-image"},"fragmentConfig":{"imageSize":"w-100"},"fragmentFields":[{"id":"image-square","value":{"fragmentImage":{"description":{"value_i18n":{"en_US":""}},"url":{"value_i18n":{}}},"fragmentLink":{}}}],"indexed":true},"id":"34a85a86-6a15-6ef4-d574-e10f0fc638f2","type":"Fragment"}],"type":"Section"}],"type":"Column"}],"type":"Row"}],"type":"Section"}],"type":"FragmentDropZone"}],"type":"Fragment"}],"type":"Section"},{"definition":{"fragmentStyle":{"backgroundColor":"#FCFBF8","paddingBottom":"6","paddingLeft":"7","paddingRight":"7","paddingTop":"6"},"indexed":true,"layout":{"align":"Start","contentDisplay":"FlexColumn","paddingBottom":6,"paddingLeft":8,"paddingRight":8,"paddingTop":6},"name":"See the Difference"},"id":"8d443cab-7bdf-0b45-4449-db9b616bc161","pageElements":[{"definition":{"fragmentStyle":{"width":"100%"},"indexed":true,"layout":{},"name":"Content Container"},"id":"28fd1e14-0487-59d2-c3b9-ff2bd83864a6","pageElements":[{"definition":{"fragment":{"key":"BASIC_COMPONENT-heading"},"fragmentConfig":{"headingLevel":"h2"},"fragmentFields":[{"id":"element-text","value":{"fragmentLink":{},"text":{"value_i18n":{"en_US":"See the difference!"}}}}],"fragmentStyle":{"textAlign":"center"},"indexed":true},"id":"ebb7bf49-dab4-bb36-10a9-caca7291af56","type":"Fragment"},{"definition":{"fragment":{"key":"BASIC_COMPONENT-paragraph"},"fragmentConfig":{},"fragmentFields":[{"id":"element-text","value":{"fragmentLink":{},"text":{"value_i18n":{"en_US":"Our goal is to be your trusted partner in eye care, offering unparalleled support and collaboration to acheieve your vision. Elevate your brand with premium eyeglass frames and lenses."}}}}],"fragmentStyle":{"fontSize":"fontSizeBase","marginBottom":"4","marginLeft":"auto","marginRight":"auto","marginTop":"4","maxWidth":"700px","textAlign":"center"},"indexed":true},"id":"c90ea038-7ea8-c4af-d824-1db86a3acff9","type":"Fragment"},{"definition":{"gutters":true,"indexed":true,"modulesPerRow":4,"numberOfColumns":4,"reverseOrder":false,"rowViewports":[{"id":"landscapeMobile","rowViewportDefinition":{"modulesPerRow":1}},{"id":"portraitMobile","rowViewportDefinition":{}},{"id":"tablet","rowViewportDefinition":{}}],"verticalAlignment":"top"},"id":"7e7e882f-787f-760c-8994-e2f4efeadd63","pageElements":[{"definition":{"columnViewports":[{"columnViewportDefinition":{"size":12},"id":"landscapeMobile"},{"columnViewportDefinition":{},"id":"portraitMobile"},{"columnViewportDefinition":{},"id":"tablet"}],"size":3},"id":"70017955-1a7a-64f1-1822-64b14cd2f951","pageElements":[{"definition":{"indexed":true,"layout":{},"name":"Card Container"},"id":"d9b19861-2459-018f-05bb-f4a79099c743","pageElements":[{"definition":{"fragment":{"key":"values-(copy)","siteKey":"Clarity Public Enterprise Website"},"fragmentConfig":{"bottomLeft":true,"bottomRight":true,"topLeft":true,"circleSize":"false","topRight":true},"fragmentFields":[{"id":"valueCardTitle","value":{"fragmentLink":{}}}],"indexed":true},"id":"832d175e-fe43-8ab6-094a-d1af704856d3","pageElements":[{"definition":{},"id":"c52f0bd5-764a-9a1d-06b1-0822682f8c5b","pageElements":[{"definition":{"fragment":{"key":"icon","siteKey":"Clarity Public Enterprise Website"},"fragmentConfig":{"iconName":"react","iconSize":"2.5rem"},"fragmentFields":[],"indexed":true},"id":"61c49107-48b3-31ca-854b-02c899c18de5","type":"Fragment"},{"definition":{"fragment":{"key":"BASIC_COMPONENT-heading"},"fragmentConfig":{"headingLevel":"h5"},"fragmentFields":[{"id":"element-text","value":{"fragmentLink":{},"text":{"value_i18n":{"en_US":"Innovation"}}}}],"fragmentStyle":{"marginBottom":"3","marginTop":"1"},"indexed":true},"id":"284b6070-8281-3bee-e81f-e4b16e13c502","type":"Fragment"}],"type":"FragmentDropZone"}],"type":"Fragment"}],"type":"Section"}],"type":"Column"},{"definition":{"columnViewports":[{"columnViewportDefinition":{"size":12},"id":"landscapeMobile"},{"columnViewportDefinition":{},"id":"portraitMobile"},{"columnViewportDefinition":{},"id":"tablet"}],"size":3},"id":"dfb95bf5-84d1-58d4-71ee-09cd3773c47c","pageElements":[{"definition":{"indexed":true,"layout":{},"name":"Card Container"},"id":"36cb55eb-9260-fa1e-736f-fa494e76d922","pageElements":[{"definition":{"fragment":{"key":"values-(copy)","siteKey":"Clarity Public Enterprise Website"},"fragmentConfig":{"bottomLeft":true,"bottomRight":true,"topLeft":true,"circleSize":"false","topRight":true},"fragmentFields":[{"id":"valueCardTitle","value":{"fragmentLink":{}}}],"indexed":true},"id":"7efe03f5-7e73-b1f1-d50b-d84c005ff297","pageElements":[{"definition":{},"id":"94fe31a4-e270-d0e7-e7f3-30e8c1834267","pageElements":[{"definition":{"fragment":{"key":"icon","siteKey":"Clarity Public Enterprise Website"},"fragmentConfig":{"iconName":"globe","iconSize":"2.5rem"},"fragmentFields":[],"indexed":true},"id":"38a72184-f5cd-59cd-c598-551fe28e37c5","type":"Fragment"},{"definition":{"fragment":{"key":"BASIC_COMPONENT-heading"},"fragmentConfig":{"headingLevel":"h5"},"fragmentFields":[{"id":"element-text","value":{"fragmentLink":{},"text":{"value_i18n":{"en_US":"Sustainability"}}}}],"fragmentStyle":{"marginBottom":"3","marginTop":"1"},"indexed":true},"id":"ada14a0e-0a99-12c5-e122-7d30ab5c483a","type":"Fragment"}],"type":"FragmentDropZone"}],"type":"Fragment"}],"type":"Section"}],"type":"Column"},{"definition":{"columnViewports":[{"columnViewportDefinition":{"size":12},"id":"landscapeMobile"},{"columnViewportDefinition":{},"id":"portraitMobile"},{"columnViewportDefinition":{},"id":"tablet"}],"size":3},"id":"17578482-a34a-b17f-c767-9371ea2ddb8d","pageElements":[{"definition":{"indexed":true,"layout":{},"name":"Card Container"},"id":"eeb7b514-eaf9-4404-7789-e1d299457f04","pageElements":[{"definition":{"fragment":{"key":"values-(copy)","siteKey":"Clarity Public Enterprise Website"},"fragmentConfig":{"bottomLeft":true,"bottomRight":true,"topLeft":true,"circleSize":"false","topRight":true},"fragmentFields":[{"id":"valueCardTitle","value":{"fragmentLink":{}}}],"indexed":true},"id":"a696fe97-3ac9-5d7e-5277-66a8584af289","pageElements":[{"definition":{},"id":"e8db0cc4-0a88-1f37-045e-97574f536fd8","pageElements":[{"definition":{"fragment":{"key":"icon","siteKey":"Clarity Public Enterprise Website"},"fragmentConfig":{"iconName":"star","iconSize":"2.5rem"},"fragmentFields":[],"indexed":true},"id":"5128e71d-fed1-9143-43ae-b6cb2c841284","type":"Fragment"},{"definition":{"fragment":{"key":"BASIC_COMPONENT-heading"},"fragmentConfig":{"headingLevel":"h5"},"fragmentFields":[{"id":"element-text","value":{"fragmentLink":{},"text":{"value_i18n":{"en_US":"Excellence"}}}}],"fragmentStyle":{"marginBottom":"3","marginTop":"1"},"indexed":true},"id":"82a2dac9-3529-04b1-fcd3-9953825c3fef","type":"Fragment"}],"type":"FragmentDropZone"}],"type":"Fragment"}],"type":"Section"}],"type":"Column"},{"definition":{"columnViewports":[{"columnViewportDefinition":{"size":12},"id":"landscapeMobile"},{"columnViewportDefinition":{},"id":"portraitMobile"},{"columnViewportDefinition":{},"id":"tablet"}],"size":3},"id":"f1e8507c-e0b4-2aaa-2adc-55ecc38e3630","pageElements":[{"definition":{"indexed":true,"layout":{},"name":"Card Container"},"id":"9fbdc8d5-c272-1640-2cf1-d272ee739439","pageElements":[{"definition":{"fragment":{"key":"values-(copy)","siteKey":"Clarity Public Enterprise Website"},"fragmentConfig":{"bottomLeft":true,"bottomRight":true,"topLeft":true,"circleSize":"false","topRight":true},"fragmentFields":[{"id":"valueCardTitle","value":{"fragmentLink":{}}}],"indexed":true},"id":"4fb719ab-5ba3-d02d-c7ee-0af447a46fc6","pageElements":[{"definition":{},"id":"ebe56b92-3b92-0f1b-808d-a34f9b9cfd2f","pageElements":[{"definition":{"fragment":{"key":"icon","siteKey":"Clarity Public Enterprise Website"},"fragmentConfig":{"iconName":"pencil","iconSize":"2.5rem"},"fragmentFields":[],"indexed":true},"id":"0569b5ac-7157-066c-57b8-da3d97cf9d91","type":"Fragment"},{"definition":{"fragment":{"key":"BASIC_COMPONENT-heading"},"fragmentConfig":{"headingLevel":"h5"},"fragmentFields":[{"id":"element-text","value":{"fragmentLink":{},"text":{"value_i18n":{"en_US":"Design"}}}}],"fragmentStyle":{"marginBottom":"3","marginTop":"1"},"indexed":true},"id":"d4a91c09-06c8-e19f-3701-72bc4b25ee71","type":"Fragment"}],"type":"FragmentDropZone"}],"type":"Fragment"}],"type":"Section"}],"type":"Column"}],"type":"Row"}],"type":"Section"}],"type":"Section"},{"definition":{"fragmentStyle":{"minHeight":"450px"},"indexed":true,"layout":{"contentDisplay":"FlexColumn","justify":"Center"},"name":"Distributor Promo"},"id":"cabaca57-63b9-d27a-00f6-d14595197178","pageElements":[{"definition":{"gutters":true,"indexed":true,"modulesPerRow":2,"numberOfColumns":2,"reverseOrder":false,"rowViewports":[{"id":"landscapeMobile","rowViewportDefinition":{"modulesPerRow":1}},{"id":"portraitMobile","rowViewportDefinition":{}},{"id":"tablet","rowViewportDefinition":{}}],"verticalAlignment":"middle"},"id":"ef666d08-2356-3bcc-4e9a-b3141568b400","pageElements":[{"definition":{"columnViewports":[{"columnViewportDefinition":{"size":12},"id":"landscapeMobile"},{"columnViewportDefinition":{},"id":"portraitMobile"},{"columnViewportDefinition":{},"id":"tablet"}],"size":6},"id":"740889c4-4ee4-0cad-f026-390a022ae8b9","type":"Column"},{"definition":{"columnViewports":[{"columnViewportDefinition":{"size":12},"id":"landscapeMobile"},{"columnViewportDefinition":{},"id":"portraitMobile"},{"columnViewportDefinition":{},"id":"tablet"}],"size":6},"id":"a636d6c7-f48f-c071-8f2b-88675a0b5ed8","pageElements":[{"definition":{"fragmentStyle":{"maxWidth":"400px"},"indexed":true,"layout":{"align":"Start","contentDisplay":"FlexColumn","justify":"Center"},"name":"Content Container"},"id":"aa5f8634-9e6f-f9a8-659a-0804dfa9f929","pageElements":[{"definition":{"fragment":{"key":"BASIC_COMPONENT-heading"},"fragmentConfig":{"headingLevel":"h3"},"fragmentFields":[{"id":"element-text","value":{"fragmentLink":{},"text":{"value_i18n":{"en_US":"Apply to be a distributor today"}}}}],"indexed":true},"id":"6e78e8bb-735b-f06a-572b-0c45cfae9467","type":"Fragment"},{"definition":{"fragment":{"key":"BASIC_COMPONENT-paragraph"},"fragmentConfig":{},"fragmentFields":[{"id":"element-text","value":{"fragmentLink":{},"text":{"value_i18n":{"en_US":"Clarity is an eyeglass and contact lens manufacturer that sells directly to consumer brands. We redefine Clarity through precision-crafted eyewear. Explore our curated selection of stylish frames, expertly desgined to enhance your vision and style."}}}}],"fragmentStyle":{"marginBottom":"4","marginTop":"4"},"indexed":true},"id":"5599ea78-ac2e-0c59-6d05-4315ce9b7366","type":"Fragment"},{"definition":{"fragment":{"key":"BASIC_COMPONENT-button"},"fragmentConfig":{"buttonType":"primary","type":"link","buttonSize":"nm"},"fragmentFields":[{"id":"link","value":{"fragmentLink":{"value":{"href":{"value":""}}},"text":{"value_i18n":{"en_US":"Apply Now"}}}}],"indexed":true},"id":"c94620bf-ea66-a031-8e84-de7035afd592","type":"Fragment"}],"type":"Section"}],"type":"Column"}],"type":"Row"}],"type":"Section"},{"definition":{"fragmentStyle":{"paddingBottom":"8","paddingLeft":"7","paddingRight":"7","paddingTop":"8"},"indexed":true,"layout":{"paddingBottom":10,"paddingLeft":8,"paddingRight":8,"paddingTop":10},"name":"Helpful Articles"},"id":"385e003d-e67f-1e81-5d56-7e5d254a1705","pageElements":[{"definition":{"fragment":{"key":"BASIC_COMPONENT-heading"},"fragmentConfig":{"headingLevel":"h2"},"fragmentFields":[{"id":"element-text","value":{"fragmentLink":{},"text":{"value_i18n":{"en_US":"Helpful articles from our team!"}}}}],"fragmentStyle":{"marginBottom":"6","textAlign":"center"},"indexed":true},"id":"00be775f-160c-12db-a31a-fae4f75cb95c","type":"Fragment"},{"definition":{"collectionViewports":[{"collectionViewportDefinition":{"numberOfColumns":1},"id":"landscapeMobile"},{"collectionViewportDefinition":{"numberOfColumns":1},"id":"portraitMobile"},{"collectionViewportDefinition":{"numberOfColumns":1},"id":"tablet"}],"displayAllItems":false,"displayAllPages":false,"emptyCollectionConfig":{"displayMessage":false},"layout":{"flexWrap":"Wrap","justify":"SpaceAround"},"listItemStyle":"","listStyle":"","numberOfColumns":3,"numberOfItems":3,"numberOfItemsPerPage":20,"numberOfPages":5,"paginationType":"Numeric","showAllItems":false,"templateKey":""},"id":"e90f7ae4-caea-1f25-ed6b-d6a19787070e","pageElements":[{"definition":{"collectionItemConfig":{}},"id":"e9951e49-f899-d62f-e70f-f78d8c4ea46a","pageElements":[{"definition":{"fragment":{"key":"card","siteKey":"Clarity Public Enterprise Website"},"fragmentConfig":{},"fragmentFields":[{"id":"card-image","value":{"fragmentImage":{"description":{"value_i18n":{}},"url":{"value_i18n":{}}},"fragmentLink":{}}},{"id":"summary","value":{"fragmentLink":{}}},{"id":"card-title","value":{"fragmentLink":{}}},{"id":"card-link","value":{"fragmentLink":{"value":{"href":{"value":"#"}}}}},{"id":"category","value":{"fragmentLink":{}}}],"indexed":true},"id":"f962ab9e-8cd0-370e-857b-88d21e916917","type":"Fragment"}],"type":"CollectionItem"}],"type":"Collection"}],"type":"Section"}],"type":"Section"}