{"definition":{"fragmentStyle":{"paddingBottom":"5","paddingLeft":"7","paddingRight":"7","paddingTop":"7"},"indexed":true,"layout":{"paddingBottom":4,"paddingLeft":8,"paddingRight":8,"paddingTop":8},"name":"Page Header"},"id":"a0803a58-dc77-2bb0-db46-152ac76b9d5d","pageElements":[{"definition":{"fragment":{"key":"heading-1","siteKey":"Clarity Public Enterprise Website"},"fragmentConfig":{"headingSize":"1"},"fragmentFields":[{"id":"page-title-fragment-left","value":{"fragmentLink":{},"text":{"value_i18n":{"en_US":"FAQ"}}}}],"indexed":true},"id":"612c2a5c-59dd-485c-110d-ae5be8933deb","type":"Fragment"}],"type":"Section"}