{"definition":{"fragmentStyle":{"paddingBottom":"7","paddingLeft":"9","paddingRight":"9","paddingTop":"7"},"indexed":true,"layout":{"paddingBottom":8,"paddingTop":8},"name":"General Info Page"},"id":"700b4656-ea50-1f66-c3a3-4c5c34085d26","pageElements":[{"definition":{"fragment":{"key":"BASIC_COMPONENT-heading"},"fragmentConfig":{"headingLevel":"h1"},"fragmentFields":[{"id":"element-text","value":{"fragmentLink":{}}}],"fragmentStyle":{"marginBottom":"5"},"indexed":true},"id":"30c5ee6b-fc94-d589-53dd-52992580aafd","type":"Fragment"},{"definition":{"fragment":{"key":"BASIC_COMPONENT-html"},"fragmentConfig":{},"fragmentFields":[{"id":"element-html","value":{"html":{"value_i18n":{}}}}],"indexed":true},"id":"a27945d5-7419-0b16-3f1a-181efecf438b","type":"Fragment"}],"type":"Section"}