{"definition":{"indexed":true,"layout":{},"name":"Application - Step Three"},"id":"3f0199b1-c363-0f19-7059-68d7d415660c","pageElements":[{"definition":{"fragment":{"key":"banner-(copy)","siteKey":"Clarity Public Enterprise Website"},"fragmentConfig":{},"fragmentFields":[],"indexed":true},"id":"e611d6c1-d933-0d42-2d8a-f4ee52127394","pageElements":[{"definition":{},"id":"8e0ba342-87ef-f302-caa5-6d46c6faab59","pageElements":[{"definition":{"indexed":true,"layout":{},"name":"Background Overlay"},"id":"5c020e29-563c-9c55-59ae-cea8414ba276","pageElements":[{"definition":{"fragmentStyle":{"paddingBottom":"5","paddingLeft":"5","paddingRight":"3","paddingTop":"5"},"indexed":true,"layout":{"paddingBottom":4,"paddingLeft":4,"paddingRight":1,"paddingTop":4},"name":"Header Content"},"id":"13f4dda1-d50c-d5e3-f4a4-c49629bd0aea","pageElements":[{"definition":{"fragment":{"key":"BASIC_COMPONENT-heading"},"fragmentConfig":{"headingLevel":"h1"},"fragmentFields":[{"id":"element-text","value":{"fragmentLink":{},"text":{"value_i18n":{"en_US":"International Distributor Application"}}}}],"fragmentStyle":{"marginBottom":"4","marginTop":"6","textAlign":"center","textColor":"bodyBgColor"},"indexed":true},"id":"f7cae2d8-ce9d-7eb3-a7f7-4e6fc151a438","type":"Fragment"},{"definition":{"fragmentStyle":{"borderRadius":"15px","overflow":"hidden","paddingBottom":"5","paddingTop":"5"},"indexed":true,"layout":{"align":"Center","contentDisplay":"FlexRow","flexWrap":"Wrap","justify":"Center","paddingBottom":4,"paddingTop":4},"name":"Distributor Application"},"id":"60756242-a659-09a7-0755-62e77179ace0","pageElements":[{"definition":{"formConfig":{"formReference":{"className":"com.liferay.object.model.ObjectDefinition#46230","classType":0}},"fragmentStyle":{"backgroundColor":"#FFFFFF","borderRadius":"15px","paddingBottom":"6","paddingLeft":"6","paddingRight":"6","paddingTop":"4","width":"750px"},"indexed":true,"layout":{}},"id":"95749357-67f7-fc15-be74-b8d90f2d295f","pageElements":[{"definition":{"fragment":{"key":"multi-step-nav","siteKey":"Clarity Public Enterprise Website"},"fragmentConfig":{"stepFive":"","stepTwo":"complete","stepOne":"complete","stepThree":"active","stepFour":""},"fragmentFields":[],"fragmentStyle":{"marginBottom":"6","paddingTop":"6"},"indexed":true},"id":"86e64ec3-c063-e85e-f015-fbb2cd37885f","type":"Fragment"},{"definition":{"fragment":{"key":"BASIC_COMPONENT-heading"},"fragmentConfig":{"headingLevel":"h3"},"fragmentFields":[{"id":"element-text","value":{"fragmentLink":{},"text":{"value_i18n":{"en_US":"Primary Contact"}}}}],"fragmentStyle":{"marginBottom":"5"},"indexed":true},"id":"3830c57d-26f7-e01f-98df-8d4e0470e75d","type":"Fragment"},{"definition":{"fragmentStyle":{"marginBottom":"7"},"gutters":true,"indexed":true,"modulesPerRow":2,"numberOfColumns":2,"reverseOrder":false,"rowViewports":[{"id":"landscapeMobile","rowViewportDefinition":{"modulesPerRow":1}},{"id":"portraitMobile","rowViewportDefinition":{}},{"id":"tablet","rowViewportDefinition":{}}],"verticalAlignment":"top"},"id":"3fd0ad54-12b8-0235-dd6f-1eaa459cec39","pageElements":[{"definition":{"columnViewports":[{"columnViewportDefinition":{"size":12},"id":"landscapeMobile"},{"columnViewportDefinition":{},"id":"portraitMobile"},{"columnViewportDefinition":{},"id":"tablet"}],"size":6},"id":"7b0659cf-3fcc-d185-39da-b32643aefa95","pageElements":[{"definition":{"fragment":{"key":"INPUTS-text-input"},"fragmentConfig":{"showCharactersCount":false,"placeholder":""},"fragmentFields":[],"indexed":true},"id":"590aa8c9-ae42-58c4-6669-2497d9c36eec","type":"Fragment"},{"definition":{"fragment":{"key":"INPUTS-text-input"},"fragmentConfig":{"showCharactersCount":false,"placeholder":""},"fragmentFields":[],"fragmentStyle":{"marginTop":"5"},"indexed":true},"id":"76adb46d-d633-7ad9-f84e-177997d3a2cd","type":"Fragment"}],"type":"Column"},{"definition":{"columnViewports":[{"columnViewportDefinition":{"size":12},"id":"landscapeMobile"},{"columnViewportDefinition":{},"id":"portraitMobile"},{"columnViewportDefinition":{},"id":"tablet"}],"size":6},"id":"1d6402d9-5bc6-8863-ffa6-282722de9f48","pageElements":[{"definition":{"fragment":{"key":"INPUTS-text-input"},"fragmentConfig":{"showCharactersCount":false,"placeholder":""},"fragmentFields":[],"indexed":true},"id":"0fe46ec7-3b42-129f-0ee4-380c4bdcf5c7","type":"Fragment"},{"definition":{"fragment":{"key":"INPUTS-text-input"},"fragmentConfig":{"showCharactersCount":false,"placeholder":""},"fragmentFields":[],"fragmentStyle":{"marginTop":"5"},"indexed":true},"id":"8b890eda-562f-7568-77d4-b695ca8e61ba","type":"Fragment"}],"type":"Column"}],"type":"Row"},{"definition":{"fragment":{"key":"BASIC_COMPONENT-heading"},"fragmentConfig":{"headingLevel":"h3"},"fragmentFields":[{"id":"element-text","value":{"fragmentLink":{},"text":{"value_i18n":{"en_US":"Additional Business Information"}}}}],"fragmentStyle":{"marginBottom":"5"},"indexed":true},"id":"d5257c1c-753f-0365-afe4-8c7aa2476d35","type":"Fragment"},{"definition":{"gutters":true,"indexed":true,"modulesPerRow":2,"numberOfColumns":2,"reverseOrder":false,"rowViewports":[{"id":"landscapeMobile","rowViewportDefinition":{"modulesPerRow":1}},{"id":"portraitMobile","rowViewportDefinition":{}},{"id":"tablet","rowViewportDefinition":{}}],"verticalAlignment":"top"},"id":"05741a40-91fa-a603-5c2e-2fe6c9f78e12","pageElements":[{"definition":{"columnViewports":[{"columnViewportDefinition":{"size":12},"id":"landscapeMobile"},{"columnViewportDefinition":{},"id":"portraitMobile"},{"columnViewportDefinition":{},"id":"tablet"}],"size":6},"id":"f5141602-8aaf-0093-acda-80ea336170ea","pageElements":[{"definition":{"fragment":{"key":"INPUTS-text-input"},"fragmentConfig":{"showCharactersCount":false,"placeholder":""},"fragmentFields":[],"indexed":true},"id":"c9729c6d-73f2-a309-2453-80722ae0c302","type":"Fragment"}],"type":"Column"},{"definition":{"columnViewports":[{"columnViewportDefinition":{"size":12},"id":"landscapeMobile"},{"columnViewportDefinition":{},"id":"portraitMobile"},{"columnViewportDefinition":{},"id":"tablet"}],"size":6},"id":"c22cc8ae-d794-e0d5-ad26-cf809fa4c7aa","pageElements":[{"definition":{"fragment":{"key":"INPUTS-text-input"},"fragmentConfig":{"showCharactersCount":false,"placeholder":""},"fragmentFields":[],"indexed":true},"id":"9895e711-ddd6-197d-4869-cc032f3be289","type":"Fragment"}],"type":"Column"}],"type":"Row"},{"definition":{"fragment":{"key":"INPUTS-text-input"},"fragmentConfig":{"showCharactersCount":false,"placeholder":""},"fragmentFields":[],"fragmentStyle":{"marginBottom":"7","marginTop":"5"},"indexed":true},"id":"b077040c-2b44-9680-a658-82f2cf9e86c5","type":"Fragment"},{"definition":{"fragment":{"key":"BASIC_COMPONENT-heading"},"fragmentConfig":{"headingLevel":"h3"},"fragmentFields":[{"id":"element-text","value":{"fragmentLink":{},"text":{"value_i18n":{"en_US":"Attachments"}}}}],"fragmentStyle":{"marginBottom":"5","marginTop":"5"},"indexed":true},"id":"dc0170ee-dfe0-964b-2396-473f507662e8","type":"Fragment"},{"definition":{"fragmentStyle":{"marginBottom":"6"},"gutters":true,"indexed":true,"modulesPerRow":2,"numberOfColumns":2,"reverseOrder":false,"rowViewports":[{"id":"landscapeMobile","rowViewportDefinition":{"modulesPerRow":1}},{"id":"portraitMobile","rowViewportDefinition":{}},{"id":"tablet","rowViewportDefinition":{}}],"verticalAlignment":"top"},"id":"1dd98a02-8e3b-0a39-487a-cbec6e96d611","pageElements":[{"definition":{"columnViewports":[{"columnViewportDefinition":{"size":12},"id":"landscapeMobile"},{"columnViewportDefinition":{},"id":"portraitMobile"},{"columnViewportDefinition":{},"id":"tablet"}],"size":6},"id":"6219c7fc-7411-2176-db22-354b452dd8ab","pageElements":[{"definition":{"fragment":{"key":"INPUTS-file-upload"},"fragmentConfig":{"buttonText":"","showSupportedFileInfo":false},"fragmentFields":[],"indexed":true},"id":"aaa83428-783b-ee7a-a1e5-382511558dc2","type":"Fragment"}],"type":"Column"},{"definition":{"columnViewports":[{"columnViewportDefinition":{"size":12},"id":"landscapeMobile"},{"columnViewportDefinition":{},"id":"portraitMobile"},{"columnViewportDefinition":{},"id":"tablet"}],"size":6},"id":"970e59a5-6d6b-b6fd-fb56-09f6de5a0c71","pageElements":[{"definition":{"fragment":{"key":"INPUTS-file-upload"},"fragmentConfig":{"buttonText":"","showSupportedFileInfo":false},"fragmentFields":[],"indexed":true},"id":"9dbdcc60-1f5f-f026-aab9-5b88feec1745","type":"Fragment"}],"type":"Column"}],"type":"Row"},{"definition":{"fragment":{"key":"INPUTS-submit-button"},"fragmentConfig":{"buttonType":"primary","submittedEntryStatus":"0","buttonSize":"nm"},"fragmentFields":[{"id":"submit-button-text","value":{"fragmentLink":{},"text":{"value_i18n":{"en_US":"Next Step &gt;"}}}}],"indexed":true},"id":"83f4b5e9-d24b-3572-fd32-6662e656135e","type":"Fragment"}],"type":"Form"}],"type":"Section"}],"type":"Section"}],"type":"Section"}],"type":"FragmentDropZone"}],"type":"Fragment"}],"type":"Section"}