{"definition":{"indexed":true,"layout":{},"name":"Product Lists Page"},"id":"52c92378-756f-c9ea-2700-75cf3c658fe4","pageElements":[{"definition":{"fragmentStyle":{"marginBottom":"5"},"indexed":true,"layout":{"marginBottom":4},"name":"Banner"},"id":"0bf32319-3345-1e9e-5e55-a491943ccea2","pageElements":[{"definition":{"fragmentStyle":{"backgroundFragmentImage":{}},"widgetInstance":{"widgetConfig":{"displayStyle":"default","useAssetCategory":"false","assetCategoryId":"0","displayStyleGroupId":"37203"},"widgetName":"com_liferay_commerce_product_content_web_internal_portlet_CPCategoryContentPortlet"}},"id":"2453a95b-93f7-411a-1c6d-dec3f2785ec6","type":"Widget"}],"type":"Section"},{"definition":{"fragmentStyle":{"marginBottom":"5","marginLeft":"7","marginRight":"7","marginTop":"5"},"indexed":true,"layout":{"marginBottom":4,"marginLeft":8,"marginRight":8,"marginTop":4},"name":"Search Results"},"id":"1865dc30-3d7f-4a51-9ddb-0127b6712b08","pageElements":[{"definition":{"gutters":true,"indexed":true,"modulesPerRow":2,"numberOfColumns":2,"reverseOrder":false,"rowViewports":[{"id":"landscapeMobile","rowViewportDefinition":{"modulesPerRow":1}},{"id":"portraitMobile","rowViewportDefinition":{}},{"id":"tablet","rowViewportDefinition":{}}],"verticalAlignment":"top"},"id":"f0560a5d-c89d-b1f7-20b0-58458fe12f8b","pageElements":[{"definition":{"columnViewports":[{"columnViewportDefinition":{"size":12},"id":"landscapeMobile"},{"columnViewportDefinition":{},"id":"portraitMobile"},{"columnViewportDefinition":{},"id":"tablet"}],"size":4},"id":"d2b392a2-9509-7785-b189-7668ca07aace","pageElements":[{"definition":{"widgetInstance":{"widgetConfig":{"federatedSearchKey":"","suggestionsContributorConfigurations":"{\"contributorName\":\"basic\",\"displayGroupName\":\"suggestions\",\"size\":5}","searchScope":"everything","showStagedResults":"false","suggestionsEnabled":"true","destination":"","invisible":"false","displayStyleGroupId":"37203","suggestionsDisplayThreshold":"2","displayStyle":"default","scopeParameterName":"scope","keywordsParameterName":"q","useAdvancedSearchSyntax":"false"},"widgetName":"com_liferay_portal_search_web_search_bar_portlet_SearchBarPortlet"}},"id":"36f8afde-69be-08ac-6e6d-8f07d5183d4e","type":"Widget"},{"definition":{"widgetInstance":{"widgetConfig":{},"widgetName":"com_liferay_commerce_product_content_search_web_internal_portlet_CPSpecificationOptionFacetsPortlet"}},"id":"162ebe56-1433-5842-715e-232b26c1ed3b","type":"Widget"},{"definition":{"widgetInstance":{"widgetConfig":{},"widgetName":"com_liferay_commerce_product_content_search_web_internal_portlet_CPOptionFacetsPortlet"}},"id":"a7596431-60e3-5f1c-d376-3144289150a5","type":"Widget"},{"definition":{"widgetInstance":{"widgetConfig":{"displayStyle":"default","rootAssetCategoryId":"","useCategoryFromRequest":"true","assetVocabularyId":"","useRootCategory":"true","displayStyleGroupId":"33510"},"widgetName":"com_liferay_commerce_product_asset_categories_navigation_web_internal_portlet_CPAssetCategoriesNavigationPortlet"}},"id":"b9d68a6f-ce8e-3558-a8de-b497a215147b","type":"Widget"}],"type":"Column"},{"definition":{"columnViewports":[{"columnViewportDefinition":{"size":12},"id":"landscapeMobile"},{"columnViewportDefinition":{},"id":"portraitMobile"},{"columnViewportDefinition":{},"id":"tablet"}],"size":8},"id":"7b634655-f6de-d853-b5db-18f41a452f2a","pageElements":[{"definition":{"widgetInstance":{"widgetConfig":{},"widgetName":"com_liferay_commerce_product_content_search_web_internal_portlet_CPSortPortlet"}},"id":"c223df08-a2f3-c5e5-2b7e-8a793a78cb09","type":"Widget"},{"definition":{"widgetInstance":{"widgetConfig":{"cpContentListRendererKey":"list-default","displayStyle":"default","selectionStyle":"adt","virtual--cpTypeListEntryRendererKey":"list-entry-default","grouped--cpTypeListEntryRendererKey":"list-entry-default","paginationDelta":"9","paginate":"true","displayStyleGroupId":"37203","diagram--cpTypeListEntryRendererKey":"list-entry-diagram","simple--cpTypeListEntryRendererKey":"list-entry-default"},"widgetName":"com_liferay_commerce_product_content_search_web_internal_portlet_CPSearchResultsPortlet"}},"id":"a87a117a-993a-43c7-30c2-736a2216f55c","type":"Widget"}],"type":"Column"}],"type":"Row"}],"type":"Section"},{"definition":{"indexed":true,"layout":{},"name":"Search Options"},"id":"632cc3cb-41fc-7279-0ec0-aa00bb7f5478","pageElements":[{"definition":{"widgetInstance":{"widgetConfig":{"federatedSearchKey":"","allowEmptySearches":"true","basicFacetSelection":"false","retainFacetSelections":"true"},"widgetName":"com_liferay_portal_search_web_search_options_portlet_SearchOptionsPortlet"}},"id":"ed0291a6-7ba6-0763-ecbf-21b4eef7b961","type":"Widget"}],"type":"Section"}],"type":"Section"}