{"definition":{"indexed":true,"layout":{},"name":"Home Page"},"id":"99b4a146-b859-6001-8521-f0834fc75487","pageElements":[{"definition":{"fragmentStyle":{"backgroundColor":"#FDFBF7","paddingLeft":"7","paddingRight":"7"},"indexed":true,"layout":{"paddingLeft":8,"paddingRight":8},"name":"Banner"},"id":"9e60309c-b2cf-d2aa-a821-7ebdafbe24f6","pageElements":[{"definition":{"indexed":true,"layout":{},"name":"Banner Content"},"id":"ac4391a3-86da-b13e-3220-4790874691b7","pageElements":[{"definition":{"gutters":true,"indexed":true,"modulesPerRow":2,"numberOfColumns":2,"reverseOrder":false,"rowViewports":[{"id":"landscapeMobile","rowViewportDefinition":{"modulesPerRow":1}},{"id":"portraitMobile","rowViewportDefinition":{}},{"id":"tablet","rowViewportDefinition":{}}],"verticalAlignment":"middle"},"id":"c2f389db-4465-4e66-bdd1-fb509b28027d","pageElements":[{"definition":{"columnViewports":[{"columnViewportDefinition":{"size":12},"id":"landscapeMobile"},{"columnViewportDefinition":{},"id":"portraitMobile"},{"columnViewportDefinition":{},"id":"tablet"}],"size":6},"id":"53af4abe-11c4-d9e4-225c-b2bbd0fbf3d5","pageElements":[{"definition":{"cssClasses":["btn-inverted"],"indexed":true,"layout":{"align":"Start","contentDisplay":"FlexColumn","flexWrap":"Wrap","justify":"Center"},"name":"Banner Text"},"id":"cef1a48b-8318-fb48-a1f4-57b72a7fe18c","pageElements":[{"definition":{"fragment":{"key":"BASIC_COMPONENT-heading"},"fragmentConfig":{"headingLevel":"h1"},"fragmentFields":[{"id":"element-text","value":{"fragmentLink":{},"text":{"value_i18n":{"en_US":"Elevate Your Brand with Premium Eyewear"}}}}],"indexed":true},"id":"415959d0-743f-f786-ec1c-e66ffc850323","type":"Fragment"},{"definition":{"fragment":{"key":"BASIC_COMPONENT-paragraph"},"fragmentConfig":{},"fragmentFields":[{"id":"element-text","value":{"fragmentLink":{},"text":{"value_i18n":{"en_US":"Discover premium craftsmanship, innovative lenses, and designs that help your brand stand out."}}}}],"fragmentStyle":{"fontSize":"1.0rem","marginBottom":"4","marginTop":"4"},"indexed":true},"id":"0c2dc07a-36ef-7b59-0d2d-8af4d01b1701","type":"Fragment"},{"definition":{"fragment":{"key":"BASIC_COMPONENT-button"},"fragmentConfig":{"buttonType":"primary","type":"link","buttonSize":"nm"},"fragmentFields":[{"id":"link","value":{"fragmentLink":{},"text":{"value_i18n":{"en_US":"Start Your Journey"}}}}],"indexed":true},"id":"5e679eb8-54e3-6abe-4896-459b5f40630f","type":"Fragment"}],"type":"Section"}],"type":"Column"},{"definition":{"columnViewports":[{"columnViewportDefinition":{"size":12},"id":"landscapeMobile"},{"columnViewportDefinition":{},"id":"portraitMobile"},{"columnViewportDefinition":{},"id":"tablet"}],"size":6},"id":"cddcb3c1-708b-f385-b176-30edac33dc9a","pageElements":[{"definition":{"fragment":{"key":"BASIC_COMPONENT-image"},"fragmentConfig":{"imageSize":"w-100"},"fragmentFields":[{"id":"image-square","value":{"fragmentImage":{"description":{"value_i18n":{"en_US":""}},"url":{"value_i18n":{}}},"fragmentLink":{}}}],"indexed":true},"id":"b9f561f4-b55c-7749-dffd-211993a03ef5","type":"Fragment"}],"type":"Column"}],"type":"Row"}],"type":"Section"}],"type":"Section"},{"definition":{"fragmentStyle":{"paddingBottom":"6","paddingLeft":"7","paddingRight":"7","paddingTop":"6"},"indexed":true,"layout":{"paddingBottom":6,"paddingLeft":8,"paddingRight":8,"paddingTop":6},"name":"Clarity Solutions Promo"},"id":"9a1c60d5-07da-44e5-dd0b-5948629f34c9","pageElements":[{"definition":{"fragment":{"key":"banner-(copy)","siteKey":"Clarity Public Enterprise Website"},"fragmentConfig":{},"fragmentFields":[],"fragmentStyle":{"borderRadius":"25px","overflow":"hidden"},"indexed":true},"id":"2c86080a-3c24-9a80-c5b0-2034a86429a9","pageElements":[{"definition":{},"id":"58486149-4ded-391d-6739-c367361c6a32","pageElements":[{"definition":{"fragmentStyle":{"paddingBottom":"4","paddingLeft":"4","paddingRight":"4","paddingTop":"4"},"indexed":true,"layout":{"paddingBottom":2,"paddingLeft":2,"paddingRight":2,"paddingTop":2},"name":"Content Wrapper"},"id":"a47e3b55-b6d9-d32b-0a60-987d4568df47","pageElements":[{"definition":{"gutters":false,"indexed":true,"modulesPerRow":2,"numberOfColumns":2,"reverseOrder":false,"rowViewports":[{"id":"landscapeMobile","rowViewportDefinition":{"modulesPerRow":1}},{"id":"portraitMobile","rowViewportDefinition":{}},{"id":"tablet","rowViewportDefinition":{}}],"verticalAlignment":"middle"},"id":"e9a576c2-9a7e-1f88-1a02-657e08fff832","pageElements":[{"definition":{"columnViewports":[{"columnViewportDefinition":{"size":12},"id":"landscapeMobile"},{"columnViewportDefinition":{},"id":"portraitMobile"},{"columnViewportDefinition":{},"id":"tablet"}],"size":6},"id":"5f712f87-b828-2686-a88a-9edb50b1ad79","pageElements":[{"definition":{"fragmentStyle":{"maxWidth":"80%"},"indexed":true,"layout":{},"name":"Content Text and Action"},"id":"8aec068b-7835-8793-4f3b-da32928bde3b","pageElements":[{"definition":{"fragment":{"key":"BASIC_COMPONENT-heading"},"fragmentConfig":{"headingLevel":"h3"},"fragmentFields":[{"id":"element-text","value":{"fragmentLink":{},"text":{"value_i18n":{"en_US":"See Further with Clarity Vision Solutions"}}}}],"fragmentStyle":{"textColor":"colorNeutral0"},"indexed":true},"id":"a3728f40-31a2-32b9-01d9-20b9eb225768","type":"Fragment"},{"definition":{"fragment":{"key":"BASIC_COMPONENT-paragraph"},"fragmentConfig":{},"fragmentFields":[{"id":"element-text","value":{"fragmentLink":{}}}],"fragmentStyle":{"fontSize":"fontSizeBase","marginBottom":"4","marginTop":"4","textColor":"colorNeutral0"},"indexed":true},"id":"3eb6775c-4961-f1a5-2571-f9440cbddd03","type":"Fragment"}],"type":"Section"},{"definition":{"fragment":{"key":"dialect-dialect-button","siteKey":"Clarity Public Enterprise Website"},"fragmentConfig":{"uppercase":false,"iconName":"","style":"primary","type":"solid","inverted":true,"buttonSize":""},"fragmentFields":[{"id":"link","value":{"fragmentLink":{},"text":{"value_i18n":{"en_US":"Learn More"}}}},{"id":"text","value":{"fragmentLink":{}}}],"indexed":true},"id":"aec4686e-9ca2-4150-1928-75c60e4064a6","type":"Fragment"}],"type":"Column"},{"definition":{"columnViewports":[{"columnViewportDefinition":{"size":12},"id":"landscapeMobile"},{"columnViewportDefinition":{},"id":"portraitMobile"},{"columnViewportDefinition":{},"id":"tablet"}],"size":6},"id":"4f7b95b4-7119-7792-aef5-bd07ce794f68","pageElements":[{"definition":{"fragmentStyle":{"borderRadius":"20px","overflow":"hidden"},"indexed":true,"layout":{},"name":"Content Image"},"id":"bbca1144-109b-adbb-5461-8d99ce55dc31","pageElements":[{"definition":{"fragment":{"key":"BASIC_COMPONENT-image"},"fragmentConfig":{"imageSize":"w-100"},"fragmentFields":[{"id":"image-square","value":{"fragmentImage":{"description":{"value_i18n":{"en_US":""}},"url":{"value_i18n":{}}},"fragmentLink":{}}}],"indexed":true},"id":"a40ff4cf-bfed-4c2e-d78b-af35b03cf236","type":"Fragment"}],"type":"Section"}],"type":"Column"}],"type":"Row"}],"type":"Section"}],"type":"FragmentDropZone"}],"type":"Fragment"}],"type":"Section"},{"definition":{"fragmentStyle":{"backgroundColor":"#FCFBF8","paddingBottom":"6","paddingLeft":"7","paddingRight":"7","paddingTop":"6"},"indexed":true,"layout":{"align":"Start","contentDisplay":"FlexColumn","paddingBottom":6,"paddingLeft":8,"paddingRight":8,"paddingTop":6},"name":"See the Difference"},"id":"501f89fd-6274-0193-bccf-9c9de5d899a0","pageElements":[{"definition":{"fragmentStyle":{"width":"100%"},"indexed":true,"layout":{},"name":"Content Container"},"id":"facb6397-7020-70f8-b5b0-c8e0271252bb","pageElements":[{"definition":{"fragment":{"key":"BASIC_COMPONENT-heading"},"fragmentConfig":{"headingLevel":"h2"},"fragmentFields":[{"id":"element-text","value":{"fragmentLink":{},"text":{"value_i18n":{"en_US":"See the difference!"}}}}],"fragmentStyle":{"textAlign":"center"},"indexed":true},"id":"1dcb5455-066b-833b-0bbd-1dda7395bbe1","type":"Fragment"},{"definition":{"fragment":{"key":"BASIC_COMPONENT-paragraph"},"fragmentConfig":{},"fragmentFields":[{"id":"element-text","value":{"fragmentLink":{},"text":{"value_i18n":{"en_US":"Our goal is to be your trusted partner in eye care, offering unparalleled support and collaboration to acheieve your vision. Elevate your brand with premium eyeglass frames and lenses."}}}}],"fragmentStyle":{"fontSize":"fontSizeBase","marginBottom":"4","marginLeft":"auto","marginRight":"auto","marginTop":"4","maxWidth":"700px","textAlign":"center"},"indexed":true},"id":"ae9b83cd-b42e-89af-e473-fad862503ce8","type":"Fragment"},{"definition":{"gutters":true,"indexed":true,"modulesPerRow":4,"numberOfColumns":4,"reverseOrder":false,"rowViewports":[{"id":"landscapeMobile","rowViewportDefinition":{"modulesPerRow":1}},{"id":"portraitMobile","rowViewportDefinition":{}},{"id":"tablet","rowViewportDefinition":{}}],"verticalAlignment":"top"},"id":"72c04865-514a-78ce-a772-01cdc215e057","pageElements":[{"definition":{"columnViewports":[{"columnViewportDefinition":{"size":12},"id":"landscapeMobile"},{"columnViewportDefinition":{},"id":"portraitMobile"},{"columnViewportDefinition":{},"id":"tablet"}],"size":3},"id":"79dff85d-61ac-9b39-8c50-f42e16351bdd","pageElements":[{"definition":{"indexed":true,"layout":{},"name":"Card Container"},"id":"9f86196c-8e39-0448-ab67-92ae45a255d5","pageElements":[{"definition":{"fragment":{"key":"values-(copy)","siteKey":"Clarity Public Enterprise Website"},"fragmentConfig":{"bottomLeft":true,"bottomRight":true,"topLeft":true,"circleSize":"false","topRight":true},"fragmentFields":[{"id":"valueCardTitle","value":{"fragmentLink":{}}}],"indexed":true},"id":"c1b0b0e4-3c7f-ca78-2cbd-37c39144eb70","pageElements":[{"definition":{},"id":"cf893c39-85f3-6b41-2e75-d25aaaaa961e","pageElements":[{"definition":{"fragment":{"key":"icon","siteKey":"Clarity Public Enterprise Website"},"fragmentConfig":{"iconName":"react","iconSize":"2.5rem"},"fragmentFields":[],"indexed":true},"id":"f7a81cee-d707-a633-e24a-5daf0966bbe2","type":"Fragment"},{"definition":{"fragment":{"key":"BASIC_COMPONENT-heading"},"fragmentConfig":{"headingLevel":"h5"},"fragmentFields":[{"id":"element-text","value":{"fragmentLink":{},"text":{"value_i18n":{"en_US":"Innovation"}}}}],"fragmentStyle":{"marginBottom":"3","marginTop":"1"},"indexed":true},"id":"15432d92-89c6-033c-5c0f-ed88aadb86d0","type":"Fragment"}],"type":"FragmentDropZone"}],"type":"Fragment"}],"type":"Section"}],"type":"Column"},{"definition":{"columnViewports":[{"columnViewportDefinition":{"size":12},"id":"landscapeMobile"},{"columnViewportDefinition":{},"id":"portraitMobile"},{"columnViewportDefinition":{},"id":"tablet"}],"size":3},"id":"0bb78215-50c0-02c7-755e-5b3050df16ac","pageElements":[{"definition":{"indexed":true,"layout":{},"name":"Card Container"},"id":"a51e9cfc-6c8b-d6c9-cbae-254e7f8a8aa2","pageElements":[{"definition":{"fragment":{"key":"values-(copy)","siteKey":"Clarity Public Enterprise Website"},"fragmentConfig":{"bottomLeft":true,"bottomRight":true,"topLeft":true,"circleSize":"false","topRight":true},"fragmentFields":[{"id":"valueCardTitle","value":{"fragmentLink":{}}}],"indexed":true},"id":"d07bd389-c276-9748-69c7-bada7e5fe972","pageElements":[{"definition":{},"id":"c1fb55b6-8d7b-8a04-668e-8008743dc808","pageElements":[{"definition":{"fragment":{"key":"icon","siteKey":"Clarity Public Enterprise Website"},"fragmentConfig":{"iconName":"globe","iconSize":"2.5rem"},"fragmentFields":[],"indexed":true},"id":"fdfd1d39-a36a-27fd-22fc-b4c2051a1fda","type":"Fragment"},{"definition":{"fragment":{"key":"BASIC_COMPONENT-heading"},"fragmentConfig":{"headingLevel":"h5"},"fragmentFields":[{"id":"element-text","value":{"fragmentLink":{},"text":{"value_i18n":{"en_US":"Sustainability"}}}}],"fragmentStyle":{"marginBottom":"3","marginTop":"1"},"indexed":true},"id":"2bd0319e-4b5c-e90e-60a9-b103831e4d14","type":"Fragment"}],"type":"FragmentDropZone"}],"type":"Fragment"}],"type":"Section"}],"type":"Column"},{"definition":{"columnViewports":[{"columnViewportDefinition":{"size":12},"id":"landscapeMobile"},{"columnViewportDefinition":{},"id":"portraitMobile"},{"columnViewportDefinition":{},"id":"tablet"}],"size":3},"id":"56877415-999b-a392-302a-ac28322a376b","pageElements":[{"definition":{"indexed":true,"layout":{},"name":"Card Container"},"id":"73c90f04-b44a-92a4-ebc2-10ab5dabc081","pageElements":[{"definition":{"fragment":{"key":"values-(copy)","siteKey":"Clarity Public Enterprise Website"},"fragmentConfig":{"bottomLeft":true,"bottomRight":true,"topLeft":true,"circleSize":"false","topRight":true},"fragmentFields":[{"id":"valueCardTitle","value":{"fragmentLink":{}}}],"indexed":true},"id":"88f7269e-d8ca-d6bd-41a6-09eafcf85f15","pageElements":[{"definition":{},"id":"40f5fb92-bce7-4175-2c5f-55c231cc6ea7","pageElements":[{"definition":{"fragment":{"key":"icon","siteKey":"Clarity Public Enterprise Website"},"fragmentConfig":{"iconName":"star","iconSize":"2.5rem"},"fragmentFields":[],"indexed":true},"id":"c8c020a1-4c03-eede-9da6-61ae05b6c4d2","type":"Fragment"},{"definition":{"fragment":{"key":"BASIC_COMPONENT-heading"},"fragmentConfig":{"headingLevel":"h5"},"fragmentFields":[{"id":"element-text","value":{"fragmentLink":{},"text":{"value_i18n":{"en_US":"Excellence"}}}}],"fragmentStyle":{"marginBottom":"3","marginTop":"1"},"indexed":true},"id":"3f5a6d5d-dd88-7368-2f03-b7508612d25a","type":"Fragment"}],"type":"FragmentDropZone"}],"type":"Fragment"}],"type":"Section"}],"type":"Column"},{"definition":{"columnViewports":[{"columnViewportDefinition":{"size":12},"id":"landscapeMobile"},{"columnViewportDefinition":{},"id":"portraitMobile"},{"columnViewportDefinition":{},"id":"tablet"}],"size":3},"id":"5d02fd4e-ca09-82b7-528f-921c4e186a50","pageElements":[{"definition":{"indexed":true,"layout":{},"name":"Card Container"},"id":"70f2da67-c5e6-b209-82d7-c1cd102f343f","pageElements":[{"definition":{"fragment":{"key":"values-(copy)","siteKey":"Clarity Public Enterprise Website"},"fragmentConfig":{"bottomLeft":true,"bottomRight":true,"topLeft":true,"circleSize":"false","topRight":true},"fragmentFields":[{"id":"valueCardTitle","value":{"fragmentLink":{}}}],"indexed":true},"id":"1c48538c-31cf-b602-8d08-2eed65d01de7","pageElements":[{"definition":{},"id":"423ccdea-7af0-cef0-4370-595b11cfc9c5","pageElements":[{"definition":{"fragment":{"key":"icon","siteKey":"Clarity Public Enterprise Website"},"fragmentConfig":{"iconName":"pencil","iconSize":"2.5rem"},"fragmentFields":[],"indexed":true},"id":"7282a1e3-8fce-eb5b-662e-f8bbfa7120bd","type":"Fragment"},{"definition":{"fragment":{"key":"BASIC_COMPONENT-heading"},"fragmentConfig":{"headingLevel":"h5"},"fragmentFields":[{"id":"element-text","value":{"fragmentLink":{},"text":{"value_i18n":{"en_US":"Design"}}}}],"fragmentStyle":{"marginBottom":"3","marginTop":"1"},"indexed":true},"id":"fef78ba1-b63b-d8cc-240c-e7e9605a0ce0","type":"Fragment"}],"type":"FragmentDropZone"}],"type":"Fragment"}],"type":"Section"}],"type":"Column"}],"type":"Row"}],"type":"Section"}],"type":"Section"},{"definition":{"fragmentStyle":{"backgroundFragmentImage":{},"minHeight":"450px"},"indexed":true,"layout":{"contentDisplay":"FlexColumn","justify":"Center"},"name":"Distributor Promo"},"id":"d80eb53c-c481-a1e6-7db9-998a352e7f36","pageElements":[{"definition":{"gutters":true,"indexed":true,"modulesPerRow":2,"numberOfColumns":2,"reverseOrder":false,"rowViewports":[{"id":"landscapeMobile","rowViewportDefinition":{"modulesPerRow":1}},{"id":"portraitMobile","rowViewportDefinition":{}},{"id":"tablet","rowViewportDefinition":{}}],"verticalAlignment":"middle"},"id":"7c93f679-f11c-9b04-aa44-22562d9cc95a","pageElements":[{"definition":{"columnViewports":[{"columnViewportDefinition":{"size":12},"id":"landscapeMobile"},{"columnViewportDefinition":{},"id":"portraitMobile"},{"columnViewportDefinition":{},"id":"tablet"}],"size":6},"id":"114b4620-7713-758c-e987-4d9f701f1b22","type":"Column"},{"definition":{"columnViewports":[{"columnViewportDefinition":{"size":12},"id":"landscapeMobile"},{"columnViewportDefinition":{},"id":"portraitMobile"},{"columnViewportDefinition":{},"id":"tablet"}],"size":6},"id":"c7ef4d52-b84e-cc2e-80b9-5b4aefa6c606","pageElements":[{"definition":{"fragmentStyle":{"maxWidth":"400px"},"indexed":true,"layout":{"align":"Start","contentDisplay":"FlexColumn","justify":"Center"},"name":"Content Container"},"id":"30b3ed28-94f6-6396-9ba2-aee481ec8448","pageElements":[{"definition":{"fragment":{"key":"BASIC_COMPONENT-heading"},"fragmentConfig":{"headingLevel":"h3"},"fragmentFields":[{"id":"element-text","value":{"fragmentLink":{},"text":{"value_i18n":{"en_US":"Apply to be a distributor today"}}}}],"indexed":true},"id":"186404ba-eb92-e708-9bf9-480b0cea0bda","type":"Fragment"},{"definition":{"fragment":{"key":"BASIC_COMPONENT-paragraph"},"fragmentConfig":{},"fragmentFields":[{"id":"element-text","value":{"fragmentLink":{},"text":{"value_i18n":{"en_US":"Clarity is an eyeglass and contact lens manufacturer that sells directly to consumer brands. We redefine Clarity through precision-crafted eyewear. Explore our curated selection of stylish frames, expertly desgined to enhance your vision and style."}}}}],"fragmentStyle":{"marginBottom":"4","marginTop":"4"},"indexed":true},"id":"0b78b7d3-feca-214d-868d-0b9c16c68d4b","type":"Fragment"},{"definition":{"fragment":{"key":"BASIC_COMPONENT-button"},"fragmentConfig":{"buttonType":"primary","type":"link","buttonSize":"nm"},"fragmentFields":[{"id":"link","value":{"fragmentLink":{"value":{"href":{"value":""}}},"text":{"value_i18n":{"en_US":"Apply Now"}}}}],"indexed":true},"id":"ec964376-3e17-0dfd-7e6c-e8bceebcf836","type":"Fragment"}],"type":"Section"}],"type":"Column"}],"type":"Row"}],"type":"Section"},{"definition":{"fragmentStyle":{"paddingBottom":"8","paddingLeft":"7","paddingRight":"7","paddingTop":"8"},"indexed":true,"layout":{"paddingBottom":10,"paddingLeft":8,"paddingRight":8,"paddingTop":10},"name":"Helpful Articles"},"id":"4ea884fa-e7c8-b1c3-6404-44fca1f0885f","pageElements":[{"definition":{"fragment":{"key":"BASIC_COMPONENT-heading"},"fragmentConfig":{"headingLevel":"h2"},"fragmentFields":[{"id":"element-text","value":{"fragmentLink":{},"text":{"value_i18n":{"en_US":"Helpful articles from our team!"}}}}],"fragmentStyle":{"marginBottom":"6","textAlign":"center"},"indexed":true},"id":"741ddf5d-2ce7-bb5b-27a3-8e5c315d9c01","type":"Fragment"},{"definition":{"collectionViewports":[{"collectionViewportDefinition":{"numberOfColumns":1},"id":"landscapeMobile"},{"collectionViewportDefinition":{"numberOfColumns":1},"id":"portraitMobile"},{"collectionViewportDefinition":{"numberOfColumns":1},"id":"tablet"}],"displayAllItems":false,"displayAllPages":false,"emptyCollectionConfig":{"displayMessage":false},"layout":{"flexWrap":"Wrap","justify":"SpaceAround"},"listItemStyle":"","listStyle":"","numberOfColumns":3,"numberOfItems":3,"numberOfItemsPerPage":20,"numberOfPages":5,"paginationType":"Numeric","showAllItems":false,"templateKey":""},"id":"9d37f6f9-8f86-6ca0-93c4-7cb23ca01c00","pageElements":[{"definition":{"collectionItemConfig":{}},"id":"d284bc65-45ec-c224-4e2f-434d2c74b451","pageElements":[{"definition":{"fragment":{"key":"card","siteKey":"Clarity Public Enterprise Website"},"fragmentConfig":{},"fragmentFields":[{"id":"card-image","value":{"fragmentImage":{"description":{"value_i18n":{}},"url":{"value_i18n":{}}},"fragmentLink":{}}},{"id":"summary","value":{"fragmentLink":{}}},{"id":"card-title","value":{"fragmentLink":{}}},{"id":"card-link","value":{"fragmentLink":{"value":{"href":{"value":"#"}}}}},{"id":"category","value":{"fragmentLink":{}}}],"indexed":true},"id":"8d09e010-9cfb-a859-0196-ca9dddf4ebf7","type":"Fragment"}],"type":"CollectionItem"}],"type":"Collection"}],"type":"Section"}],"type":"Section"}