{"definition":{"fragmentStyle":{"borderWidth":"0","marginBottom":"4","marginTop":"5","paddingBottom":"5","paddingTop":"5"},"indexed":true,"layout":{"align":"Center","contentDisplay":"FlexColumn","marginBottom":2,"marginTop":4,"paddingBottom":4,"paddingTop":4},"name":"500 Error Page"},"id":"dca026af-a084-405f-44fa-3cb7331fe21c","pageElements":[{"definition":{"fragment":{"key":"BASIC_COMPONENT-image"},"fragmentConfig":{"imageSize":"w-100"},"fragmentFields":[{"id":"image-square","value":{"fragmentImage":{"description":{"value_i18n":{"en_US":""}},"url":{"value_i18n":{}}},"fragmentLink":{}}}],"indexed":true},"id":"caf62a15-4b0d-4b41-bba1-c1fc8d718b32","type":"Fragment"},{"definition":{"fragment":{"key":"BASIC_COMPONENT-heading"},"fragmentConfig":{"headingLevel":"h1"},"fragmentFields":[{"id":"element-text","value":{"fragmentLink":{},"text":{"value_i18n":{"sv_SE":"Serverfel","pt_BR":"Erro de servidor","ja_JP":"サーバーエラー","fr_FR":"Erreur du serveur","hu_HU":"Kiszolgálóhiba","de_DE":"Serverfehler","ca_ES":"Error de servidor","ar_SA":"خطأ في الخادم","fi_FI":"Palvelinvirhe","en_US":"Something's not right here ... We're working to correct the issue.","zh_CN":"服务器错误","es_ES":"Error de servidor","nl_NL":"Serverfout"}}}}],"fragmentStyle":{"fontFamily":"fontFamilySansSerif","fontSize":"fontSizeLg","fontWeight":"fontWeightBolder","marginBottom":"3","textAlign":"center"},"indexed":true},"id":"2348d219-9e26-66a9-bda9-a4538c0d03bb","type":"Fragment"},{"definition":{"fragmentStyle":{"borderColor":"gray400Color","borderRadius":"5px","paddingBottom":"4","paddingLeft":"3","paddingRight":"3","paddingTop":"4","width":"800px"},"indexed":true,"layout":{"align":"Center","borderColor":"gray400Color","contentDisplay":"FlexColumn","paddingBottom":2,"paddingLeft":1,"paddingRight":1,"paddingTop":2},"name":"User Actions"},"id":"857cc3e6-0dbe-394e-7455-e0089d01e198","pageElements":[{"definition":{"fragmentStyle":{"width":"500px"},"widgetInstance":{"widgetConfig":{"federatedSearchKey":"","suggestionsContributorConfigurations":"{\"contributorName\":\"basic\",\"displayGroupName\":\"suggestions\",\"size\":5}","showStagedResults":"false","searchScope":"everything","suggestionsEnabled":"true","destination":"/search","invisible":"false","displayStyleGroupId":"37203","suggestionsDisplayThreshold":"2","displayStyle":"default","scopeParameterName":"scope","keywordsParameterName":"q","useAdvancedSearchSyntax":"false"},"widgetName":"com_liferay_portal_search_web_search_bar_portlet_SearchBarPortlet"}},"id":"f146e334-69cd-8864-5784-f025b985fed8","type":"Widget"},{"definition":{"fragment":{"key":"BASIC_COMPONENT-button"},"fragmentConfig":{"buttonType":"primary","type":"link","buttonSize":"nm"},"fragmentFields":[{"id":"link","value":{"fragmentLink":{},"text":{"value_i18n":{"en_US":"Back to Homepage"}}}}],"fragmentStyle":{"marginTop":"5"},"indexed":true},"id":"f30a0766-5779-f825-882d-ba94d8abbe5e","type":"Fragment"}],"type":"Section"}],"type":"Section"}