{"definition":{"indexed":true,"layout":{},"name":"Leadership Profile Page"},"id":"e0a1b3bd-b253-0667-bdbe-e87b3f49e44a","pageElements":[{"definition":{"fragmentStyle":{"paddingBottom":"5","paddingLeft":"5","paddingRight":"3","paddingTop":"5"},"indexed":true,"layout":{"paddingBottom":4,"paddingLeft":4,"paddingRight":1,"paddingTop":4},"name":"Leadership Info"},"id":"fb0fa6a8-0b69-33f4-3912-8aab8e71b98f","pageElements":[{"definition":{"gutters":true,"indexed":true,"modulesPerRow":2,"numberOfColumns":2,"reverseOrder":false,"rowViewports":[{"id":"landscapeMobile","rowViewportDefinition":{"modulesPerRow":1}},{"id":"portraitMobile","rowViewportDefinition":{}},{"id":"tablet","rowViewportDefinition":{}}],"verticalAlignment":"top"},"id":"03d7f0ff-369c-0c6a-b811-710929edf1eb","pageElements":[{"definition":{"columnViewports":[{"columnViewportDefinition":{"size":12},"id":"landscapeMobile"},{"columnViewportDefinition":{},"id":"portraitMobile"},{"columnViewportDefinition":{},"id":"tablet"}],"size":6},"id":"21468fd0-47c9-4839-8edf-6c79ca38b396","pageElements":[{"definition":{"fragmentStyle":{"borderRadius":"15px","overflow":"hidden"},"indexed":true,"layout":{},"name":"Leader Image"},"id":"3cd98117-febd-b7bc-6413-889bcf2f2508","pageElements":[{"definition":{"fragment":{"key":"BASIC_COMPONENT-image"},"fragmentConfig":{"imageSize":"w-100"},"fragmentFields":[{"id":"image-square","value":{"fragmentImage":{"url":{"value_i18n":{}}},"fragmentLink":{}}}],"indexed":true},"id":"4b4081ef-a6cf-dd79-6f79-9f6d45c0fb4e","type":"Fragment"}],"type":"Section"}],"type":"Column"},{"definition":{"columnViewports":[{"columnViewportDefinition":{"size":12},"id":"landscapeMobile"},{"columnViewportDefinition":{},"id":"portraitMobile"},{"columnViewportDefinition":{},"id":"tablet"}],"size":6},"id":"45bb4dc6-c37f-e3ce-1533-2eab39d9127b","pageElements":[{"definition":{"fragment":{"key":"BASIC_COMPONENT-heading"},"fragmentConfig":{"headingLevel":"h1"},"fragmentFields":[{"id":"element-text","value":{"fragmentLink":{}}}],"indexed":true},"id":"ef21ede9-c48f-7fb7-e3df-a89589fe7bf3","type":"Fragment"},{"definition":{"fragment":{"key":"BASIC_COMPONENT-heading"},"fragmentConfig":{"headingLevel":"h5"},"fragmentFields":[{"id":"element-text","value":{"fragmentLink":{}}}],"fragmentStyle":{"marginBottom":"4","marginTop":"2"},"indexed":true},"id":"ca22ee80-1d11-0d9d-1858-230de178ae7c","type":"Fragment"},{"definition":{"fragment":{"key":"BASIC_COMPONENT-paragraph"},"fragmentConfig":{},"fragmentFields":[{"id":"element-text","value":{"fragmentLink":{}}}],"indexed":true},"id":"1ef93255-be37-396f-efd8-54facb48234c","type":"Fragment"}],"type":"Column"}],"type":"Row"}],"type":"Section"},{"definition":{"fragmentStyle":{"paddingBottom":"5","paddingLeft":"5","paddingRight":"3","paddingTop":"5"},"indexed":true,"layout":{"paddingBottom":4,"paddingLeft":4,"paddingRight":1,"paddingTop":4},"name":"Recent Posts"},"id":"cdf7414d-16ba-877c-ba3e-837c4fa99e30","pageElements":[{"definition":{"fragment":{"key":"BASIC_COMPONENT-heading"},"fragmentConfig":{"headingLevel":"h1"},"fragmentFields":[{"id":"element-text","value":{"fragmentLink":{},"text":{"value_i18n":{"en_US":"Recent posts"}}}}],"fragmentStyle":{"marginBottom":"6","marginTop":"5","textAlign":"center"},"indexed":true},"id":"fbadf6e9-a432-877e-4a87-94d15c7fc632","type":"Fragment"},{"definition":{"indexed":true,"layout":{},"name":"Content Cards"},"id":"ab3528d9-4911-8238-b529-5191897ee6bc","pageElements":[{"definition":{"collectionViewports":[{"collectionViewportDefinition":{"numberOfColumns":1},"id":"landscapeMobile"},{"collectionViewportDefinition":{"numberOfColumns":1},"id":"portraitMobile"},{"collectionViewportDefinition":{"numberOfColumns":1},"id":"tablet"}],"displayAllItems":false,"displayAllPages":false,"emptyCollectionConfig":{"displayMessage":false},"listItemStyle":"","listStyle":"","numberOfColumns":3,"numberOfItems":3,"numberOfItemsPerPage":3,"numberOfPages":3,"paginationType":"Numeric","showAllItems":false,"templateKey":""},"id":"135be91b-e14b-8abe-329f-1a9c9c605f22","pageElements":[{"definition":{"collectionItemConfig":{}},"id":"6c007738-2be5-5006-4a26-20d27b6a7d73","pageElements":[{"definition":{"fragment":{"key":"card","siteKey":"Clarity Public Enterprise Website"},"fragmentConfig":{},"fragmentFields":[{"id":"card-image","value":{"fragmentImage":{"url":{"value_i18n":{}}},"fragmentLink":{}}},{"id":"summary","value":{"fragmentLink":{}}},{"id":"card-title","value":{"fragmentLink":{}}},{"id":"card-link","value":{"fragmentLink":{}}},{"id":"category","value":{"fragmentLink":{}}}],"indexed":true},"id":"f3413561-19f9-87bf-9cac-109d095a204d","type":"Fragment"}],"type":"CollectionItem"}],"type":"Collection"}],"type":"Section"}],"type":"Section"}],"type":"Section"}