{"definition":{"indexed":true,"layout":{},"name":"Careers Page"},"id":"7baa5b4c-cd1d-71ba-7f1a-7ec45230a0ba","pageElements":[{"definition":{"fragmentStyle":{"backgroundColor":"gray500Color","backgroundFragmentImage":{},"borderWidth":"0","height":"200px","paddingBottom":"10","paddingLeft":"3","paddingRight":"3","paddingTop":"10"},"fragmentViewports":[{"fragmentViewportStyle":{"paddingLeft":"4","paddingRight":"4"},"id":"landscapeMobile"},{"fragmentViewportStyle":{"paddingLeft":"3","paddingRight":"3"},"id":"portraitMobile"},{"fragmentViewportStyle":{"paddingLeft":"5","paddingRight":"5"},"id":"tablet"}],"indexed":true,"layout":{"align":"Center","contentDisplay":"FlexRow","paddingLeft":1,"paddingRight":1},"name":"Banner"},"id":"919ece42-5e18-cf11-9077-3de8dcbcdfc0","pageElements":[{"definition":{"fragmentStyle":{"borderWidth":"0"},"indexed":true,"layout":{"widthType":"Fixed"},"name":"Banner Content"},"id":"74ae38ed-038d-3127-a7c6-97e01dfaba6d","pageElements":[{"definition":{"fragment":{"key":"BASIC_COMPONENT-heading"},"fragmentConfig":{"headingLevel":"h1"},"fragmentFields":[{"id":"element-text","value":{"fragmentLink":{},"text":{"value_i18n":{"en_US":"Join the Clarity Team"}}}}],"fragmentStyle":{"marginBottom":"4","textColor":"whiteColor"},"fragmentViewports":[{"fragmentViewportStyle":{"marginRight":"0"},"id":"portraitMobile"}],"indexed":true},"id":"c251bec9-e62d-52ef-bb6c-22faf2cb209f","type":"Fragment"},{"definition":{"fragment":{"key":"BASIC_COMPONENT-button"},"fragmentConfig":{"buttonType":"primary","type":"link","buttonSize":"nm"},"fragmentFields":[{"id":"link","value":{"fragmentLink":{},"text":{"value_i18n":{"en_US":"Explore Open Positions"}}}}],"fragmentViewports":[{"fragmentViewportStyle":{"marginRight":"0"},"id":"portraitMobile"}],"indexed":true},"id":"4194d848-0456-a978-2452-3ea3db571da9","type":"Fragment"}],"type":"Section"}],"type":"Section"},{"definition":{"fragmentStyle":{"paddingBottom":"5","paddingLeft":"7","paddingRight":"7","paddingTop":"7"},"indexed":true,"layout":{"paddingBottom":4,"paddingLeft":8,"paddingRight":8,"paddingTop":8},"name":"Our Story Our Values"},"id":"7e2c5337-2bd6-ee59-539e-0d4154e306fa","pageElements":[{"definition":{"gutters":true,"indexed":true,"modulesPerRow":2,"numberOfColumns":2,"reverseOrder":false,"rowViewports":[{"id":"landscapeMobile","rowViewportDefinition":{"modulesPerRow":1}},{"id":"portraitMobile","rowViewportDefinition":{}},{"id":"tablet","rowViewportDefinition":{}}],"verticalAlignment":"top"},"id":"397a01d7-ccb1-ae23-8071-9d3b9d3db3f8","pageElements":[{"definition":{"columnViewports":[{"columnViewportDefinition":{"size":12},"id":"landscapeMobile"},{"columnViewportDefinition":{},"id":"portraitMobile"},{"columnViewportDefinition":{},"id":"tablet"}],"size":6},"id":"1bcbb30f-ea47-b41f-061d-ef8edfd13273","pageElements":[{"definition":{"fragment":{"key":"heading-1","siteKey":"Clarity Public Enterprise Website"},"fragmentConfig":{"headingSize":"4"},"fragmentFields":[{"id":"page-title-fragment-right","value":{"fragmentLink":{},"text":{"value_i18n":{"en_US":"Story"}}}},{"id":"page-title-fragment-left","value":{"fragmentLink":{},"text":{"value_i18n":{"en_US":"Our Story"}}}}],"fragmentStyle":{"marginBottom":"4"},"indexed":true},"id":"bbeefe38-d531-9a20-cd13-7ed890ddc405","type":"Fragment"},{"definition":{"fragment":{"key":"BASIC_COMPONENT-html"},"fragmentConfig":{},"fragmentFields":[{"id":"element-html","value":{"html":{"value_i18n":{}}}}],"indexed":true},"id":"4b70cf77-4fff-3207-4611-f9e71d82292c","type":"Fragment"}],"type":"Column"},{"definition":{"columnViewports":[{"columnViewportDefinition":{"size":12},"id":"landscapeMobile"},{"columnViewportDefinition":{},"id":"portraitMobile"},{"columnViewportDefinition":{},"id":"tablet"}],"size":6},"id":"71ed00b1-8d40-0b01-7ed2-aa2f845ea2df","pageElements":[{"definition":{"fragment":{"key":"heading-1","siteKey":"Clarity Public Enterprise Website"},"fragmentConfig":{"headingSize":"4"},"fragmentFields":[{"id":"page-title-fragment-right","value":{"fragmentLink":{},"text":{"value_i18n":{"en_US":"Values"}}}},{"id":"page-title-fragment-left","value":{"fragmentLink":{},"text":{"value_i18n":{"en_US":"Our Values"}}}}],"fragmentStyle":{"marginBottom":"4"},"indexed":true},"id":"368d1f64-1178-45e2-7e1a-cb3d3b18241f","type":"Fragment"},{"definition":{"fragment":{"key":"BASIC_COMPONENT-html"},"fragmentConfig":{},"fragmentFields":[{"id":"element-html","value":{"html":{"value_i18n":{}}}}],"indexed":true},"id":"48bc37c0-d453-4f4a-2d44-353e9405ad4b","type":"Fragment"}],"type":"Column"}],"type":"Row"}],"type":"Section"},{"definition":{"fragmentStyle":{"backgroundColor":"","paddingBottom":"7","paddingLeft":"7","paddingRight":"7","paddingTop":"5"},"indexed":true,"layout":{"paddingBottom":8,"paddingLeft":8,"paddingRight":8,"paddingTop":4},"name":"Value Cards"},"id":"9186c0aa-6e9a-ec0e-328f-d3149d9e6168","pageElements":[{"definition":{"gutters":true,"indexed":true,"modulesPerRow":3,"numberOfColumns":3,"reverseOrder":false,"rowViewports":[{"id":"landscapeMobile","rowViewportDefinition":{"modulesPerRow":1}},{"id":"portraitMobile","rowViewportDefinition":{}},{"id":"tablet","rowViewportDefinition":{}}],"verticalAlignment":"top"},"id":"19d2167d-2957-31ba-b631-28276dbaa983","pageElements":[{"definition":{"columnViewports":[{"columnViewportDefinition":{"size":12},"id":"landscapeMobile"},{"columnViewportDefinition":{},"id":"portraitMobile"},{"columnViewportDefinition":{},"id":"tablet"}],"size":4},"id":"13e8b293-2a4e-5c32-99da-f2f0855f42f4","pageElements":[{"definition":{"indexed":true,"layout":{},"name":"Card Container"},"id":"6d041f89-60fc-0fd7-55a3-f3c54f85836d","pageElements":[{"definition":{"fragment":{"key":"values-(copy)","siteKey":"Clarity Public Enterprise Website"},"fragmentConfig":{"bottomLeft":false,"bottomRight":false,"topLeft":false,"circleSize":"","topRight":false},"fragmentFields":[{"id":"valueCardTitle","value":{"fragmentLink":{}}}],"indexed":true},"id":"75232554-df40-513c-9095-ee2b7db690b6","pageElements":[{"definition":{},"id":"207ed5ac-b665-f523-d206-1656b861732f","pageElements":[{"definition":{"fragment":{"key":"BASIC_COMPONENT-heading"},"fragmentConfig":{"headingLevel":"h5"},"fragmentFields":[{"id":"element-text","value":{"fragmentLink":{},"text":{"value_i18n":{"en_US":"Reliability"}}}}],"fragmentStyle":{"marginBottom":"3","marginTop":"1"},"indexed":true},"id":"508020a2-c143-b762-99e5-eb972c386cc6","type":"Fragment"},{"definition":{"fragment":{"key":"BASIC_COMPONENT-paragraph"},"fragmentConfig":{},"fragmentFields":[{"id":"element-text","value":{"fragmentLink":{},"text":{"value_i18n":{"en_US":"Customer first, make Clarity worthy of customer trust."}}}}],"fragmentStyle":{"fontSize":"fontSizeBase"},"indexed":true},"id":"c196c0bb-c7d1-ad3c-5130-e72de0f7175f","type":"Fragment"}],"type":"FragmentDropZone"}],"type":"Fragment"}],"type":"Section"}],"type":"Column"},{"definition":{"columnViewports":[{"columnViewportDefinition":{"size":12},"id":"landscapeMobile"},{"columnViewportDefinition":{},"id":"portraitMobile"},{"columnViewportDefinition":{},"id":"tablet"}],"size":4},"id":"737cdf02-1d34-3a8e-ceb2-d9c4975e4c23","pageElements":[{"definition":{"indexed":true,"layout":{},"name":"Card Container"},"id":"08d22e7c-167f-a6e6-49c5-e77308afb091","pageElements":[{"definition":{"fragment":{"key":"values-(copy)","siteKey":"Clarity Public Enterprise Website"},"fragmentConfig":{"bottomLeft":false,"bottomRight":false,"topLeft":false,"circleSize":"","topRight":false},"fragmentFields":[{"id":"valueCardTitle","value":{"fragmentLink":{}}}],"indexed":true},"id":"0fc96d99-8853-288b-3c85-7e78cc0693f5","pageElements":[{"definition":{},"id":"278a2800-925e-8d00-413b-7240ebe45c3e","pageElements":[{"definition":{"fragment":{"key":"BASIC_COMPONENT-heading"},"fragmentConfig":{"headingLevel":"h5"},"fragmentFields":[{"id":"element-text","value":{"fragmentLink":{},"text":{"value_i18n":{"en_US":"Specialty"}}}}],"fragmentStyle":{"marginBottom":"3","marginTop":"1"},"indexed":true},"id":"fb3248f6-5f23-2f84-84b1-a13431da66b4","type":"Fragment"},{"definition":{"fragment":{"key":"BASIC_COMPONENT-paragraph"},"fragmentConfig":{},"fragmentFields":[{"id":"element-text","value":{"fragmentLink":{},"text":{"value_i18n":{"en_US":"Self-improvement, provide better products to customer."}}}}],"fragmentStyle":{"fontSize":"fontSizeBase"},"indexed":true},"id":"2d7954b8-7a72-3038-a48c-b2d7c0a7651f","type":"Fragment"}],"type":"FragmentDropZone"}],"type":"Fragment"}],"type":"Section"}],"type":"Column"},{"definition":{"columnViewports":[{"columnViewportDefinition":{"size":12},"id":"landscapeMobile"},{"columnViewportDefinition":{},"id":"portraitMobile"},{"columnViewportDefinition":{},"id":"tablet"}],"size":4},"id":"f98df900-6957-2d99-fa9b-b3e7aad45f79","pageElements":[{"definition":{"indexed":true,"layout":{},"name":"Card Container"},"id":"50ca84d5-ccf2-4954-8561-c96e81832640","pageElements":[{"definition":{"fragment":{"key":"values-(copy)","siteKey":"Clarity Public Enterprise Website"},"fragmentConfig":{"bottomLeft":false,"bottomRight":false,"topLeft":false,"circleSize":"","topRight":false},"fragmentFields":[{"id":"valueCardTitle","value":{"fragmentLink":{}}}],"indexed":true},"id":"93e3e72c-ab00-8a32-e42b-69e554da43bc","pageElements":[{"definition":{},"id":"e6366ce2-4cd4-7a91-d36e-8b381e5c53d7","pageElements":[{"definition":{"fragment":{"key":"BASIC_COMPONENT-heading"},"fragmentConfig":{"headingLevel":"h5"},"fragmentFields":[{"id":"element-text","value":{"fragmentLink":{},"text":{"value_i18n":{"en_US":"Potentiality"}}}}],"fragmentStyle":{"marginBottom":"3","marginTop":"1"},"indexed":true},"id":"5d189edb-ec85-702a-6bbb-cc3ed4fa3608","type":"Fragment"},{"definition":{"fragment":{"key":"BASIC_COMPONENT-paragraph"},"fragmentConfig":{},"fragmentFields":[{"id":"element-text","value":{"fragmentLink":{},"text":{"value_i18n":{"en_US":"All-round development, provide customers with more choices"}}}}],"fragmentStyle":{"fontSize":"fontSizeBase"},"indexed":true},"id":"6e704341-e311-73cb-d56b-647c857f3083","type":"Fragment"}],"type":"FragmentDropZone"}],"type":"Fragment"}],"type":"Section"}],"type":"Column"}],"type":"Row"}],"type":"Section"}],"type":"Section"}