{"definition":{"fragmentStyle":{"borderWidth":"0","marginBottom":"4","marginTop":"5","paddingBottom":"5","paddingTop":"5"},"indexed":true,"layout":{"align":"Center","contentDisplay":"FlexColumn","marginBottom":2,"marginTop":4,"paddingBottom":4,"paddingTop":4},"name":"404 Error Page"},"id":"56ea5134-4534-1ad5-6d05-cb248bd1c766","pageElements":[{"definition":{"fragment":{"key":"BASIC_COMPONENT-image"},"fragmentConfig":{"imageSize":"w-100"},"fragmentFields":[{"id":"image-square","value":{"fragmentImage":{"description":{"value_i18n":{"en_US":""}},"url":{"value_i18n":{}}},"fragmentLink":{}}}],"indexed":true},"id":"bde3c151-dbcd-e976-06c2-504fa501b24c","type":"Fragment"},{"definition":{"fragment":{"key":"BASIC_COMPONENT-heading"},"fragmentConfig":{"headingLevel":"h1"},"fragmentFields":[{"id":"element-text","value":{"fragmentLink":{},"text":{"value_i18n":{"sv_SE":"Sidan hittades inte","pt_BR":"Página não encontrada","ja_JP":"ページが見つかりません","fr_FR":"Page introuvable","hu_HU":"Az oldal nem található","de_DE":"Seite nicht gefunden","ca_ES":"No s'ha trobat la pàgina","ar_SA":"لم يتم العثور على الصفحة","fi_FI":"Sivua ei löydy","en_US":"Sorry, this page does not exist.","zh_CN":"找不到页面","es_ES":"Página no encontrada","nl_NL":"Pagina niet gevonden"}}}}],"fragmentStyle":{"fontFamily":"fontFamilySansSerif","fontSize":"fontSizeLg","fontWeight":"fontWeightBolder","marginBottom":"3","textAlign":"center"},"indexed":true},"id":"831bd779-f879-00ab-54d8-54c5ae7001e0","type":"Fragment"},{"definition":{"fragmentStyle":{"borderColor":"gray400Color","borderRadius":"5px","paddingBottom":"4","paddingLeft":"3","paddingRight":"3","paddingTop":"4","width":"800px"},"indexed":true,"layout":{"align":"Center","borderColor":"gray400Color","contentDisplay":"FlexColumn","paddingBottom":2,"paddingLeft":1,"paddingRight":1,"paddingTop":2},"name":"User Actions"},"id":"35cc3fe7-fc45-a879-7ca0-33c70ef7eec3","pageElements":[{"definition":{"fragmentStyle":{"minWidth":"500px"},"widgetInstance":{"widgetConfig":{"federatedSearchKey":"","suggestionsContributorConfigurations":"{\"contributorName\":\"basic\",\"displayGroupName\":\"suggestions\",\"size\":5}","showStagedResults":"false","searchScope":"this-site","suggestionsEnabled":"true","destination":"/search","invisible":"false","displayStyleGroupId":"37203","suggestionsDisplayThreshold":"2","displayStyle":"ddmTemplate_38404","scopeParameterName":"scope","keywordsParameterName":"q","useAdvancedSearchSyntax":"false"},"widgetName":"com_liferay_portal_search_web_search_bar_portlet_SearchBarPortlet"}},"id":"7e22a560-33d1-32ce-04f5-782cb7af545d","type":"Widget"},{"definition":{"fragment":{"key":"BASIC_COMPONENT-button"},"fragmentConfig":{"buttonType":"primary","type":"link","buttonSize":"nm"},"fragmentFields":[{"id":"link","value":{"fragmentLink":{},"text":{"value_i18n":{"en_US":"Back to Homepage"}}}}],"fragmentStyle":{"marginTop":"5"},"indexed":true},"id":"daffca3d-e06a-36d5-2cba-6bab515a6195","type":"Fragment"}],"type":"Section"}],"type":"Section"}