{
  "com.liferay.oauth2.provider.configuration.OAuth2ProviderApplicationHeadlessServerConfiguration~liferay-clarity-batch-oauth-application-headless-server" : {
    ".serviceAddress" : "localhost:8080",
    ".serviceScheme" : "http",
    ":configurator:policy" : "force",
    "baseURL" : "${portalURL}/o/liferay-clarity-batch",
    "buildTimestamp" : 1725013269859,
    "description" : "",
    "dxp.lxc.liferay.com.virtualInstanceId" : "default",
    "homePageURL" : "$[conf:.serviceScheme]://$[conf:.serviceAddress]",
    "name" : "Liferay Clarity Batch OAuth Application Headless Server",
    "projectId" : "liferayclaritybatch",
    "projectName" : "liferay-clarity-batch",
    "properties" : [ ],
    "scopes" : [ "Liferay.Headless.Admin.List.Type.everything", "Liferay.Headless.Admin.User.everything", "Liferay.Headless.Admin.Workflow.everything", "Liferay.Headless.Batch.Engine.everything", "Liferay.Notification.REST.everything", "Liferay.Object.Admin.REST.everything" ],
    "sourceCodeURL" : "",
    "type" : "oAuthApplicationHeadlessServer",
    "typeSettings" : [ ".serviceScheme=http", "scopes=Liferay.Headless.Admin.List.Type.everything\nLiferay.Headless.Admin.User.everything\nLiferay.Headless.Admin.Workflow.everything\nLiferay.Headless.Batch.Engine.everything\nLiferay.Notification.REST.everything\nLiferay.Object.Admin.REST.everything", ".serviceAddress=localhost:8080" ],
    "webContextPath" : "/liferay-clarity-batch"
  }
}