{"definition":{"fragmentStyle":{"backgroundFragmentImage":{},"minHeight":"700px"},"indexed":true,"layout":{"align":"Center","contentDisplay":"FlexRow","flexWrap":"Wrap","justify":"Center"},"name":"Signin Page"},"id":"e77b07a4-5d3a-321b-abf1-56f437974662","pageElements":[{"definition":{"fragmentStyle":{"width":"100%"},"gutters":true,"indexed":true,"modulesPerRow":2,"numberOfColumns":2,"reverseOrder":false,"rowViewports":[{"id":"landscapeMobile","rowViewportDefinition":{"modulesPerRow":1}},{"id":"portraitMobile","rowViewportDefinition":{}},{"id":"tablet","rowViewportDefinition":{}}],"verticalAlignment":"top"},"id":"b14c7500-3357-de84-4b24-8ccf2188a6e1","pageElements":[{"definition":{"columnViewports":[{"columnViewportDefinition":{"size":12},"id":"landscapeMobile"},{"columnViewportDefinition":{},"id":"portraitMobile"},{"columnViewportDefinition":{},"id":"tablet"}],"size":6},"id":"85010839-db55-76e1-f287-79c6ebc3c3a1","type":"Column"},{"definition":{"columnViewports":[{"columnViewportDefinition":{"size":12},"id":"landscapeMobile"},{"columnViewportDefinition":{},"id":"portraitMobile"},{"columnViewportDefinition":{},"id":"tablet"}],"size":6},"id":"815d0540-5a68-45d3-e715-7e33d8fe6d99","pageElements":[{"definition":{"fragmentStyle":{"marginLeft":"8","marginRight":"8","paddingRight":"6"},"indexed":true,"layout":{"marginLeft":10,"marginRight":10,"paddingRight":6}},"id":"e0ba3ca0-12b6-f8e5-c043-1110ed3e489f","pageElements":[{"definition":{"cssClasses":["text-uppercase"],"fragment":{"key":"BASIC_COMPONENT-heading"},"fragmentConfig":{"headingLevel":"h5"},"fragmentFields":[{"id":"element-text","value":{"fragmentLink":{},"text":{"value_i18n":{"en_US":"welcome"}}}}],"fragmentStyle":{"paddingBottom":"2","textColor":"#E7BE7E"},"indexed":true},"id":"2e1b8841-fc90-92d2-6f70-3b78c1217536","type":"Fragment"},{"definition":{"fragment":{"key":"BASIC_COMPONENT-heading"},"fragmentConfig":{"headingLevel":"h1"},"fragmentFields":[{"id":"element-text","value":{"fragmentLink":{},"text":{"value_i18n":{"en_US":"Login"}}}}],"fragmentStyle":{"marginBottom":"7"},"indexed":true},"id":"3a37466d-ef83-bcff-cc8a-42c9fcd0ef66","type":"Fragment"}],"type":"Section"},{"definition":{"fragment":{"key":"login","siteKey":"Clarity Public Enterprise Website"},"fragmentConfig":{},"fragmentFields":[],"fragmentStyle":{"marginLeft":"8","marginRight":"8"},"indexed":true},"id":"2221b9ca-f3c4-d51c-e523-d6370cb1cbd1","type":"Fragment"}],"type":"Column"}],"type":"Row"}],"type":"Section"}