{"definition":{"indexed":true,"layout":{},"name":"About Us Page"},"id":"fb7ef934-4afd-5b3f-2fdf-626c92732404","pageElements":[{"definition":{"fragmentStyle":{"backgroundFragmentImage":{},"height":"400px","paddingBottom":"5","paddingLeft":"5","paddingRight":"3","paddingTop":"5"},"indexed":true,"layout":{"align":"Center","contentDisplay":"FlexRow","paddingBottom":4,"paddingLeft":4,"paddingRight":1,"paddingTop":4},"name":"Banner"},"id":"0688df82-0833-2682-a4de-e5199064a1b4","pageElements":[{"definition":{"fragmentStyle":{"width":"100%"},"gutters":true,"indexed":true,"modulesPerRow":2,"numberOfColumns":2,"reverseOrder":false,"rowViewports":[{"id":"landscapeMobile","rowViewportDefinition":{"modulesPerRow":1}},{"id":"portraitMobile","rowViewportDefinition":{}},{"id":"tablet","rowViewportDefinition":{}}],"verticalAlignment":"middle"},"id":"afe03354-134e-4a13-de10-21129f729194","pageElements":[{"definition":{"columnViewports":[{"columnViewportDefinition":{"size":12},"id":"landscapeMobile"},{"columnViewportDefinition":{},"id":"portraitMobile"},{"columnViewportDefinition":{},"id":"tablet"}],"size":6},"id":"192895f8-435f-5843-9fa0-9c432888d91b","pageElements":[{"definition":{"fragment":{"key":"BASIC_COMPONENT-html"},"fragmentConfig":{},"fragmentFields":[{"id":"element-html","value":{"html":{"value_i18n":{"en_US":"\n<h1>\n  Everyone has <br/>their own <span class=\"text-primary\">Clarity</span>\n</h1>\n"}}}}],"indexed":true},"id":"373e0f3c-3225-1dee-f5e0-3d5cbf84ad8d","type":"Fragment"}],"type":"Column"},{"definition":{"columnViewports":[{"columnViewportDefinition":{"size":12},"id":"landscapeMobile"},{"columnViewportDefinition":{},"id":"portraitMobile"},{"columnViewportDefinition":{},"id":"tablet"}],"size":6},"id":"9347aa99-aa1c-1122-c6cd-7cbbc46ea524","type":"Column"}],"type":"Row"}],"type":"Section"},{"definition":{"fragmentStyle":{"paddingBottom":"7","paddingLeft":"7","paddingRight":"7","paddingTop":"7"},"indexed":true,"layout":{"paddingBottom":8,"paddingLeft":8,"paddingRight":8,"paddingTop":8},"name":"Story and Values"},"id":"8ba6b357-497f-56ec-0b53-9d5bf70a577c","pageElements":[{"definition":{"gutters":true,"indexed":true,"modulesPerRow":2,"numberOfColumns":2,"reverseOrder":false,"rowViewports":[{"id":"landscapeMobile","rowViewportDefinition":{"modulesPerRow":1}},{"id":"portraitMobile","rowViewportDefinition":{}},{"id":"tablet","rowViewportDefinition":{}}],"verticalAlignment":"top"},"id":"a3c8e7ea-09b2-7a3c-4665-6b43a939fbfc","pageElements":[{"definition":{"columnViewports":[{"columnViewportDefinition":{"size":12},"id":"landscapeMobile"},{"columnViewportDefinition":{},"id":"portraitMobile"},{"columnViewportDefinition":{},"id":"tablet"}],"size":6},"id":"0b89bdd4-8f8a-318e-b30c-e20167ebfb59","pageElements":[{"definition":{"fragment":{"key":"heading-1","siteKey":"Clarity Public Enterprise Website"},"fragmentConfig":{"headingSize":"4"},"fragmentFields":[{"id":"page-title-fragment-right","value":{"fragmentLink":{},"text":{"value_i18n":{"en_US":"Story"}}}},{"id":"page-title-fragment-left","value":{"fragmentLink":{},"text":{"value_i18n":{"en_US":"Our Story"}}}}],"fragmentStyle":{"marginBottom":"4"},"indexed":true},"id":"127121f2-0c92-0201-5437-c8d22c4159e8","type":"Fragment"},{"definition":{"fragment":{"key":"BASIC_COMPONENT-html"},"fragmentConfig":{},"fragmentFields":[{"id":"element-html","value":{"html":{"value_i18n":{}}}}],"indexed":true},"id":"0e89618e-5cc4-75fe-897c-18a95b56e55b","type":"Fragment"}],"type":"Column"},{"definition":{"columnViewports":[{"columnViewportDefinition":{"size":12},"id":"landscapeMobile"},{"columnViewportDefinition":{},"id":"portraitMobile"},{"columnViewportDefinition":{},"id":"tablet"}],"size":6},"id":"f5e5da4d-107a-1cd3-7e91-756972b806d1","pageElements":[{"definition":{"fragment":{"key":"heading-1","siteKey":"Clarity Public Enterprise Website"},"fragmentConfig":{"headingSize":"4"},"fragmentFields":[{"id":"page-title-fragment-right","value":{"fragmentLink":{},"text":{"value_i18n":{"en_US":"Values"}}}},{"id":"page-title-fragment-left","value":{"fragmentLink":{},"text":{"value_i18n":{"en_US":"Our Values"}}}}],"fragmentStyle":{"marginBottom":"4"},"indexed":true},"id":"2a626096-3f61-c5f5-aa7e-03e650d1a3a5","type":"Fragment"},{"definition":{"fragment":{"key":"BASIC_COMPONENT-html"},"fragmentConfig":{},"fragmentFields":[{"id":"element-html","value":{"html":{"value_i18n":{}}}}],"indexed":true},"id":"ff0a6360-abb9-2451-7bde-30b8e451282f","type":"Fragment"}],"type":"Column"}],"type":"Row"}],"type":"Section"},{"definition":{"fragmentStyle":{"paddingBottom":"7","paddingLeft":"7","paddingRight":"7","paddingTop":"7"},"indexed":true,"layout":{"paddingBottom":8,"paddingLeft":8,"paddingRight":8,"paddingTop":8},"name":"Clarity Commitment"},"id":"d8c5add7-e477-9734-5cc1-c69963bee04f","pageElements":[{"definition":{"gutters":true,"indexed":true,"modulesPerRow":3,"numberOfColumns":3,"reverseOrder":false,"rowViewports":[{"id":"landscapeMobile","rowViewportDefinition":{"modulesPerRow":1}},{"id":"portraitMobile","rowViewportDefinition":{}},{"id":"tablet","rowViewportDefinition":{}}],"verticalAlignment":"top"},"id":"b699b2db-7784-1be8-9fa2-60b90ec16071","pageElements":[{"definition":{"columnViewports":[{"columnViewportDefinition":{"size":12},"id":"landscapeMobile"},{"columnViewportDefinition":{},"id":"portraitMobile"},{"columnViewportDefinition":{},"id":"tablet"}],"size":4},"id":"f0eb9d1e-0710-c052-042f-b584a002dd8a","pageElements":[{"definition":{"fragment":{"key":"values-(copy)","siteKey":"Clarity Public Enterprise Website"},"fragmentConfig":{"bottomLeft":true,"bottomRight":true,"topLeft":true,"circleSize":"false","topRight":true},"fragmentFields":[],"indexed":true},"id":"8b3c9e20-2202-9b4a-acae-e4b8c69eacef","pageElements":[{"definition":{},"id":"5b90ea8b-68db-c186-32ed-9b0b4cfde24c","pageElements":[{"definition":{"fragment":{"key":"BASIC_COMPONENT-heading"},"fragmentConfig":{"headingLevel":"h4"},"fragmentFields":[{"id":"element-text","value":{"fragmentLink":{},"text":{"value_i18n":{"en_US":"Reliability"}}}}],"fragmentStyle":{"marginBottom":"3"},"indexed":true},"id":"d23c2291-f5ff-30ce-638f-6daf53d10a97","type":"Fragment"},{"definition":{"fragment":{"key":"BASIC_COMPONENT-paragraph"},"fragmentConfig":{},"fragmentFields":[{"id":"element-text","value":{"fragmentLink":{},"text":{"value_i18n":{"en_US":"Customer first, make Clairy worthy of customer trust"}}}}],"fragmentStyle":{"fontSize":"fontSizeBase"},"indexed":true},"id":"2b75f978-0199-868a-096b-39fb7f0be770","type":"Fragment"}],"type":"FragmentDropZone"}],"type":"Fragment"}],"type":"Column"},{"definition":{"columnViewports":[{"columnViewportDefinition":{"size":12},"id":"landscapeMobile"},{"columnViewportDefinition":{},"id":"portraitMobile"},{"columnViewportDefinition":{},"id":"tablet"}],"size":4},"id":"8f45e291-dc10-a45a-6b7c-e947ecea8fb4","pageElements":[{"definition":{"fragment":{"key":"values-(copy)","siteKey":"Clarity Public Enterprise Website"},"fragmentConfig":{"bottomLeft":true,"bottomRight":true,"topLeft":true,"circleSize":"false","topRight":true},"fragmentFields":[],"indexed":true},"id":"18f21dd9-c2d2-51bb-9857-11b2975c4633","pageElements":[{"definition":{},"id":"a2aae1bd-b8ec-18a9-aede-31e70fe54fb1","pageElements":[{"definition":{"fragment":{"key":"BASIC_COMPONENT-heading"},"fragmentConfig":{"headingLevel":"h4"},"fragmentFields":[{"id":"element-text","value":{"fragmentLink":{},"text":{"value_i18n":{"en_US":"Specialty"}}}}],"fragmentStyle":{"marginBottom":"3"},"indexed":true},"id":"9ff9c0eb-301e-6f91-c1c0-1518ff9c71a0","type":"Fragment"},{"definition":{"fragment":{"key":"BASIC_COMPONENT-paragraph"},"fragmentConfig":{},"fragmentFields":[{"id":"element-text","value":{"fragmentLink":{},"text":{"value_i18n":{"en_US":"Self-improvement, provide better products to customers."}}}}],"fragmentStyle":{"fontSize":"fontSizeBase"},"indexed":true},"id":"57360111-8fc9-cb1d-9c67-be5b5e74231a","type":"Fragment"}],"type":"FragmentDropZone"}],"type":"Fragment"}],"type":"Column"},{"definition":{"columnViewports":[{"columnViewportDefinition":{"size":12},"id":"landscapeMobile"},{"columnViewportDefinition":{},"id":"portraitMobile"},{"columnViewportDefinition":{},"id":"tablet"}],"size":4},"id":"cc9a16c7-bcfa-58c6-ab00-75636e75adc5","pageElements":[{"definition":{"fragment":{"key":"values-(copy)","siteKey":"Clarity Public Enterprise Website"},"fragmentConfig":{"bottomLeft":true,"bottomRight":true,"topLeft":true,"circleSize":"false","topRight":true},"fragmentFields":[],"indexed":true},"id":"40985444-1fb1-0063-d514-45ea2dfe7a36","pageElements":[{"definition":{},"id":"7d8cd0cc-95be-ca7b-d2fa-e9662810255f","pageElements":[{"definition":{"fragment":{"key":"BASIC_COMPONENT-heading"},"fragmentConfig":{"headingLevel":"h4"},"fragmentFields":[{"id":"element-text","value":{"fragmentLink":{},"text":{"value_i18n":{"en_US":"Potentiality"}}}}],"fragmentStyle":{"marginBottom":"3"},"indexed":true},"id":"a5c08fa2-824d-1969-a80e-9828132eb355","type":"Fragment"},{"definition":{"fragment":{"key":"BASIC_COMPONENT-paragraph"},"fragmentConfig":{},"fragmentFields":[{"id":"element-text","value":{"fragmentLink":{},"text":{"value_i18n":{"en_US":"All-round development, provide customers with more choices"}}}}],"fragmentStyle":{"fontSize":"fontSizeBase"},"indexed":true},"id":"89651323-19b1-e69d-b0b4-bbe0687e6534","type":"Fragment"}],"type":"FragmentDropZone"}],"type":"Fragment"}],"type":"Column"}],"type":"Row"}],"type":"Section"},{"definition":{"fragmentStyle":{"backgroundColor":"#FDFBF7","paddingBottom":"7","paddingLeft":"7","paddingRight":"7","paddingTop":"7"},"indexed":true,"layout":{"paddingBottom":8,"paddingLeft":8,"paddingRight":8,"paddingTop":8},"name":"Leaders"},"id":"5180af1b-dd3c-3c45-c7ad-21a6521f233d","pageElements":[{"definition":{"fragment":{"key":"heading-1","siteKey":"Clarity Public Enterprise Website"},"fragmentConfig":{"headingSize":"1"},"fragmentFields":[{"id":"page-title-fragment-right","value":{"fragmentLink":{},"text":{"value_i18n":{"en_US":"dership"}}}},{"id":"page-title-fragment-left","value":{"fragmentLink":{},"text":{"value_i18n":{"en_US":"Leadership"}}}}],"fragmentStyle":{"marginBottom":"5"},"indexed":true},"id":"931c0921-0c62-e3d8-36eb-8929a151aa04","type":"Fragment"},{"definition":{"collectionConfig":{"collectionReference":{"className":"com.liferay.asset.list.model.AssetListEntry","classPK":43024},"collectionType":"Collection"},"collectionViewports":[{"collectionViewportDefinition":{"numberOfColumns":1},"id":"landscapeMobile"},{"collectionViewportDefinition":{"numberOfColumns":1},"id":"portraitMobile"},{"collectionViewportDefinition":{"numberOfColumns":1},"id":"tablet"}],"displayAllItems":false,"displayAllPages":true,"emptyCollectionConfig":{"displayMessage":false},"listItemStyle":"","listStyle":"","numberOfColumns":4,"numberOfItems":8,"numberOfItemsPerPage":20,"numberOfPages":5,"paginationType":"None","showAllItems":false,"templateKey":""},"id":"b001acbb-fc19-5262-017c-67bf4de6e633","pageElements":[{"definition":{"collectionItemConfig":{}},"id":"98f188f3-f7f5-edbc-7bf1-87953d6e2d88","pageElements":[{"definition":{"fragmentStyle":{"marginBottom":"4"},"indexed":true,"layout":{"marginBottom":2}},"id":"76b2a95c-7e8d-1965-d580-c617494ca67b","pageElements":[{"definition":{"fragment":{"key":"BASIC_COMPONENT-image"},"fragmentConfig":{"imageSize":"w-100"},"fragmentFields":[{"id":"image-square","value":{"fragmentImage":{"description":{"value_i18n":{}},"url":{"value_i18n":{}}},"fragmentLink":{}}}],"fragmentStyle":{"marginTop":"3"},"indexed":true},"id":"5caa6c2e-872a-a151-758d-d4af4b553017","type":"Fragment"}],"type":"Section"},{"definition":{"fragment":{"key":"BASIC_COMPONENT-heading"},"fragmentConfig":{"headingLevel":"h5"},"fragmentFields":[{"id":"element-text","value":{"fragmentLink":{}}}],"indexed":true},"id":"3717ee02-a8f6-3bd6-1305-f052bc31670d","type":"Fragment"},{"definition":{"fragment":{"key":"BASIC_COMPONENT-paragraph"},"fragmentConfig":{},"fragmentFields":[{"id":"element-text","value":{"fragmentLink":{}}}],"indexed":true},"id":"2b2e428d-2dc4-df4d-3894-bafb47c130b7","type":"Fragment"}],"type":"CollectionItem"}],"type":"Collection"}],"type":"Section"},{"definition":{"fragmentStyle":{"paddingBottom":"7","paddingLeft":"7","paddingRight":"7","paddingTop":"7"},"indexed":true,"layout":{"paddingBottom":8,"paddingLeft":8,"paddingRight":8,"paddingTop":8},"name":"Positive Impact"},"id":"4673898f-d2be-1e69-5371-779aa34f80ee","pageElements":[{"definition":{"fragmentStyle":{"borderRadius":"20px","overflow":"hidden"},"indexed":true,"layout":{}},"id":"de3061c9-efb3-1664-2eda-322b4295e4c7","pageElements":[{"definition":{"fragment":{"key":"banner-(copy)","siteKey":"Clarity Public Enterprise Website"},"fragmentConfig":{},"fragmentFields":[],"indexed":true,"name":"Gradient Container"},"id":"2eeb5857-9244-1052-c5bb-714b9c4d83a3","pageElements":[{"definition":{},"id":"c32f6669-1d7d-541a-3e88-4f88cf53a4cf","pageElements":[{"definition":{"gutters":true,"indexed":true,"modulesPerRow":2,"numberOfColumns":2,"reverseOrder":false,"rowViewports":[{"id":"landscapeMobile","rowViewportDefinition":{"modulesPerRow":1}},{"id":"portraitMobile","rowViewportDefinition":{}},{"id":"tablet","rowViewportDefinition":{}}],"verticalAlignment":"middle"},"id":"bb1d0edc-8474-9c85-4b40-92957a3785df","pageElements":[{"definition":{"columnViewports":[{"columnViewportDefinition":{"size":12},"id":"landscapeMobile"},{"columnViewportDefinition":{},"id":"portraitMobile"},{"columnViewportDefinition":{},"id":"tablet"}],"size":6},"id":"0e1b1983-2ce1-6039-4634-1a5112b8a9a9","pageElements":[{"definition":{"fragment":{"key":"BASIC_COMPONENT-html"},"fragmentConfig":{},"fragmentFields":[{"id":"element-html","value":{"html":{"value_i18n":{"en_US":"\n\t<h1>Making a Positive<br>Impact, Sustainably</h1>\n\n\t<p class=\"mb-2 mt-3 text-small\">\n    At Clarity, our commitment to making a difference goes beyond stylish eyewear. \n    Through initiatives like empowering underserved communities with access to quality \n    eyewear, we bridge vision gaps and contribute to socail well-being. \n    Simultaneously, our dedication to sustainability is reflected in our eco-friendly\t\n    practices, from responsible material sourcing to the use of recyclable packaging.\n    Every purchase you make with us not only enhances your style but also supports our\n    collective journey toward a brighter, more includsive, and susainable future. \n</p>\n"}}}}],"fragmentStyle":{"paddingBottom":"3","paddingLeft":"4","paddingTop":"4","textColor":"bodyBgColor"},"indexed":true},"id":"197263e6-798a-133d-274f-b5f2d31d9904","type":"Fragment"},{"definition":{"fragment":{"key":"BASIC_COMPONENT-button"},"fragmentConfig":{"buttonType":"primary","type":"link","buttonSize":"nm"},"fragmentFields":[{"id":"link","value":{"fragmentLink":{},"text":{"value_i18n":{"en_US":"Learn More About Our Impact"}}}}],"fragmentStyle":{"paddingBottom":"4","paddingLeft":"4"},"indexed":true},"id":"0b94d1c2-03f4-1536-2157-aa03b09b1a68","type":"Fragment"}],"type":"Column"},{"definition":{"columnViewports":[{"columnViewportDefinition":{"size":12},"id":"landscapeMobile"},{"columnViewportDefinition":{},"id":"portraitMobile"},{"columnViewportDefinition":{},"id":"tablet"}],"size":6},"id":"166ed143-a7a7-5715-8bd0-965d37cd1f82","pageElements":[{"definition":{"fragmentStyle":{"borderRadius":"15px","marginBottom":"4","marginRight":"4","marginTop":"4","overflow":"hidden","textAlign":"right"},"indexed":true,"layout":{"marginBottom":2,"marginRight":2,"marginTop":2},"name":"Image Container"},"id":"05a65c7f-ac8d-eca1-e2d8-34e8734c27e4","pageElements":[{"definition":{"fragment":{"key":"BASIC_COMPONENT-image"},"fragmentConfig":{"imageSize":"w-0"},"fragmentFields":[{"id":"image-square","value":{"fragmentImage":{"description":{"value_i18n":{"en_US":""}},"url":{"value_i18n":{}}},"fragmentLink":{}}}],"fragmentStyle":{"height":"90%","width":"100%"},"indexed":true},"id":"22d7e167-fc96-b03b-4330-d9d219aef28f","type":"Fragment"}],"type":"Section"}],"type":"Column"}],"type":"Row"}],"type":"FragmentDropZone"}],"type":"Fragment"}],"type":"Section"}],"type":"Section"}],"type":"Section"}