{"definition":{"indexed":true,"layout":{},"name":"Products Page"},"id":"76d0b69e-231e-de1b-d315-757876327791","pageElements":[{"definition":{"fragmentStyle":{"height":"460px","paddingLeft":"7","paddingRight":"7"},"indexed":true,"layout":{"align":"Center","contentDisplay":"FlexRow","flexWrap":"Wrap","paddingLeft":8,"paddingRight":8},"name":"Banner"},"id":"8018c7ed-cd6e-897a-f45d-2812a6fce707","pageElements":[{"definition":{"fragmentStyle":{"width":"100%"},"gutters":true,"indexed":true,"modulesPerRow":2,"numberOfColumns":2,"reverseOrder":false,"rowViewports":[{"id":"landscapeMobile","rowViewportDefinition":{"modulesPerRow":1}},{"id":"portraitMobile","rowViewportDefinition":{}},{"id":"tablet","rowViewportDefinition":{}}],"verticalAlignment":"middle"},"id":"db45e9cd-5d95-7308-ac2c-b3c56ce7701e","pageElements":[{"definition":{"columnViewports":[{"columnViewportDefinition":{"size":12},"id":"landscapeMobile"},{"columnViewportDefinition":{},"id":"portraitMobile"},{"columnViewportDefinition":{},"id":"tablet"}],"size":6},"id":"9a07da41-1d27-3325-6aaa-f7f72e3e3969","pageElements":[{"definition":{"fragment":{"key":"BASIC_COMPONENT-heading"},"fragmentConfig":{"headingLevel":"h1"},"fragmentFields":[{"id":"element-text","value":{"fragmentLink":{},"text":{"value_i18n":{"en_US":"Elevate Your Eyewear Business with Premium Quality"}}}}],"fragmentStyle":{"marginBottom":"5"},"indexed":true},"id":"0ab22140-23cb-75a3-0b52-814cad5695e9","type":"Fragment"},{"definition":{"fragment":{"key":"BASIC_COMPONENT-paragraph"},"fragmentConfig":{},"fragmentFields":[{"id":"element-text","value":{"fragmentLink":{},"text":{"value_i18n":{"en_US":"Elevate your brand with a curaed selection of glasses, sunglasses, conact and lenses"}}}}],"indexed":true},"id":"543e8f9b-276f-7455-0de2-2c1cebf40e4f","type":"Fragment"}],"type":"Column"},{"definition":{"columnViewports":[{"columnViewportDefinition":{"size":12},"id":"landscapeMobile"},{"columnViewportDefinition":{},"id":"portraitMobile"},{"columnViewportDefinition":{},"id":"tablet"}],"size":6},"id":"179b2116-705a-fbde-140a-6f836b4f0c98","type":"Column"}],"type":"Row"}],"type":"Section"},{"definition":{"fragmentStyle":{"marginBottom":"5","paddingBottom":"5","paddingLeft":"5","paddingRight":"3","paddingTop":"5"},"indexed":true,"layout":{"marginBottom":4,"paddingBottom":4,"paddingLeft":4,"paddingRight":1,"paddingTop":4},"name":"Commerce Categories"},"id":"abd6f910-81bc-8cd4-5998-65201df8fc68","pageElements":[{"definition":{"widgetInstance":{"widgetConfig":{"displayStyle":"default","rootAssetCategoryId":"","useCategoryFromRequest":"false","useRootCategory":"false","assetVocabularyId":"33188","displayStyleGroupId":"32236"},"widgetName":"com_liferay_commerce_product_asset_categories_navigation_web_internal_portlet_CPAssetCategoriesNavigationPortlet"}},"id":"8c8c98fb-9b11-8df7-3ebf-170032e0db4b","type":"Widget"}],"type":"Section"}],"type":"Section"}