{"definition":{"indexed":true,"layout":{},"name":"Contact Us Page"},"id":"839ad420-8c88-b8cb-51da-49fd661bfa0c","pageElements":[{"definition":{"fragment":{"key":"banner-(copy)","siteKey":"Clarity Public Enterprise Website"},"fragmentConfig":{},"fragmentFields":[],"indexed":true},"id":"b9a0f8f8-5ae6-4652-8c93-329a7cb0a71b","pageElements":[{"definition":{},"id":"4f74403d-adfc-5e94-74eb-73830064b5f6","pageElements":[{"definition":{"indexed":true,"layout":{},"name":"Background Overlay"},"id":"06a54314-28c0-e6f2-69c6-dac041124f16","pageElements":[{"definition":{"fragmentStyle":{"paddingTop":"5","textAlign":"center"},"indexed":true,"layout":{"paddingTop":4},"name":"Header Content"},"id":"b6607ca1-9a7a-c23d-2441-fa2d09e7d680","pageElements":[{"definition":{"fragment":{"key":"BASIC_COMPONENT-heading"},"fragmentConfig":{"headingLevel":"h1"},"fragmentFields":[{"id":"element-text","value":{"fragmentLink":{},"text":{"value_i18n":{"en_US":"We would love to hear from you"}}}}],"fragmentStyle":{"marginBottom":"2","textColor":"bodyBgColor"},"indexed":true},"id":"f508b2ad-8810-3668-6631-80a686cd8bd2","type":"Fragment"},{"definition":{"fragment":{"key":"BASIC_COMPONENT-paragraph"},"fragmentConfig":{},"fragmentFields":[{"id":"element-text","value":{"fragmentLink":{},"text":{"value_i18n":{"en_US":"If you would like to contact us, please fill the information below to direct your inquiry"}}}}],"fragmentStyle":{"textAlign":"center","textColor":"bodyBgColor"},"indexed":true},"id":"ea3d4361-445a-7cc5-b5ab-0730cce2009c","type":"Fragment"}],"type":"Section"},{"definition":{"fragmentStyle":{"backgroundColor":"","overflow":"hidden","paddingBottom":"5","paddingTop":"5"},"indexed":true,"layout":{"align":"Center","contentDisplay":"FlexRow","flexWrap":"Wrap","justify":"Center","paddingBottom":4,"paddingTop":4},"name":"Contact Form"},"id":"eac0c62b-0288-efbe-7ec9-0c7de461da9c","type":"Section"}],"type":"Section"}],"type":"FragmentDropZone"}],"type":"Fragment"},{"definition":{"fragmentStyle":{"paddingBottom":"5","paddingLeft":"5","paddingRight":"3","paddingTop":"5"},"indexed":true,"layout":{"paddingBottom":4,"paddingLeft":4,"paddingRight":1,"paddingTop":4},"name":"Contact Details"},"id":"73e587e4-bb0b-34ce-8131-c6f962052ce2","pageElements":[{"definition":{"gutters":true,"indexed":true,"modulesPerRow":3,"numberOfColumns":3,"reverseOrder":false,"rowViewports":[{"id":"landscapeMobile","rowViewportDefinition":{"modulesPerRow":1}},{"id":"portraitMobile","rowViewportDefinition":{}},{"id":"tablet","rowViewportDefinition":{}}],"verticalAlignment":"top"},"id":"08fb2a4c-7515-88ca-e0df-2bf1d91a076e","pageElements":[{"definition":{"columnViewports":[{"columnViewportDefinition":{"size":12},"id":"landscapeMobile"},{"columnViewportDefinition":{},"id":"portraitMobile"},{"columnViewportDefinition":{},"id":"tablet"}],"size":4},"id":"d3a85e7e-b165-0672-775d-5ea7bc58b204","pageElements":[{"definition":{"fragment":{"key":"BASIC_COMPONENT-html"},"fragmentConfig":{},"fragmentFields":[{"id":"element-html","value":{"html":{"value_i18n":{"en_US":"\n<h5>Store</h5>\n\n<div>3931 N Ashland Ave</div>\n<div>Chicago, Illinois</div>\n<div>60613</div>"}}}}],"indexed":true},"id":"9e21216d-e573-6331-dbd8-e84b077ba067","type":"Fragment"}],"type":"Column"},{"definition":{"columnViewports":[{"columnViewportDefinition":{"size":12},"id":"landscapeMobile"},{"columnViewportDefinition":{},"id":"portraitMobile"},{"columnViewportDefinition":{},"id":"tablet"}],"size":4},"id":"e7b5d6a9-138c-d1f1-16d5-9363f294bfcc","pageElements":[{"definition":{"fragment":{"key":"BASIC_COMPONENT-html"},"fragmentConfig":{},"fragmentFields":[{"id":"element-html","value":{"html":{"value_i18n":{"en_US":"\n<h5>Opening Hours</h5>\n\n<div>Mon - Fri: 9am - 5pm</div>\n<div>Sat - Sun: Closed</div>\n<div>Bank Holidays: Closed</div>"}}}}],"indexed":true},"id":"30a87cb4-7d36-b5d7-e452-27d390e53490","type":"Fragment"}],"type":"Column"},{"definition":{"columnViewports":[{"columnViewportDefinition":{"size":12},"id":"landscapeMobile"},{"columnViewportDefinition":{},"id":"portraitMobile"},{"columnViewportDefinition":{},"id":"tablet"}],"size":4},"id":"245d5c39-decc-99fa-35b5-0b179837f2a8","pageElements":[{"definition":{"fragment":{"key":"BASIC_COMPONENT-html"},"fragmentConfig":{},"fragmentFields":[{"id":"element-html","value":{"html":{"value_i18n":{"en_US":"\n<div>\n  <svg class=\"lexicon-icon lexicon-icon-social-facebook\" role=\"presentation\" viewBox=\"0 0 512 512\">\n    <use xlink:href=\"http://localhost:8080/o/classic-theme/images/clay/icons.svg#social-facebook\"></use>\n  </svg>\n  <span class=\"pl-3\">Facebook</span>\n</div>\n\n<div>\n  <svg class=\"lexicon-icon lexicon-icon-twitter\" role=\"presentation\" viewBox=\"0 0 512 512\">\n    <use xlink:href=\"http://localhost:8080/o/classic-theme/images/clay/icons.svg#twitter\"></use>\n  </svg>\n  <span class=\"pl-3\">X / Twitter</span>\n</div>\n\n<div>\n  <svg class=\"lexicon-icon lexicon-icon-phone\" role=\"presentation\" viewBox=\"0 0 512 512\">\n    <use xlink:href=\"http://localhost:8080/o/classic-theme/images/clay/icons.svg#phone\"></use>\n  </svg>\n  <span class=\"pl-3\">+1 312 555 5555</span>\n</div>\n"}}}}],"indexed":true},"id":"60d8bc7c-f96a-0458-7f14-6bd8fcd88807","type":"Fragment"}],"type":"Column"}],"type":"Row"}],"type":"Section"}],"type":"Section"}